Country,ISO2,ISO3,Indicator,Series,Variable,Model,Scenarios,Unit,Source,CTS Code,CTS Name,CTS Full Descriptor,2020,2025,2030,2035,2040,2045,2050
Vietnam,VN,VNM,Transition Pathways,Surface temperature,50th percentile,GCAM,Below 2°C,Degree Celsius,,,,,25.25425,25.40767,25.53,25.66117,25.7574,25.81802,25.88635
Vietnam,VN,VNM,Transition Pathways,Surface temperature,50th percentile,GCAM,Current Policies (Hot house world scenario),Degree Celsius,,,,,25.24484,25.40346,25.49777,25.61188,25.72171,25.84227,25.9877
Vietnam,VN,VNM,Transition Pathways,Surface temperature,50th percentile,GCAM,Delayed Transition (Disorderly scenario),Degree Celsius,,,,,25.25362,25.39646,25.51283,25.67464,25.79889,25.87804,25.9459
Vietnam,VN,VNM,Transition Pathways,Surface temperature,50th percentile,GCAM,Fragmented World,Degree Celsius,,,,,25.26511,25.41703,25.53391,25.68256,25.80011,25.91799,26.04418
Vietnam,VN,VNM,Transition Pathways,Surface temperature,50th percentile,GCAM,Low Demand,Degree Celsius,,,,,25.25346,25.39228,25.51062,25.6341,25.71704,25.7599,25.76757
Vietnam,VN,VNM,Transition Pathways,Surface temperature,50th percentile,GCAM,Nationally Determined Contributions (NDCs),Degree Celsius,,,,,25.26539,25.42034,25.53834,25.68567,25.8074,25.92856,26.07365
Vietnam,VN,VNM,Transition Pathways,Surface temperature,50th percentile,GCAM,Net Zero 2050 (Orderly scenario),Degree Celsius,,,,,25.25444,25.41166,25.5352,25.65519,25.72431,25.75213,25.75081
Vietnam,VN,VNM,Transition Pathways,Surface temperature,50th percentile,MESSAGEix-GLOBIOM,Below 2°C,Degree Celsius,,,,,25.24119,25.39887,25.53803,25.66489,25.75151,25.80988,25.87229
Vietnam,VN,VNM,Transition Pathways,Surface temperature,50th percentile,MESSAGEix-GLOBIOM,Current Policies (Hot house world scenario),Degree Celsius,,,,,25.2521,25.41645,25.53131,25.67863,25.80369,25.92207,26.0606
Vietnam,VN,VNM,Transition Pathways,Surface temperature,50th percentile,MESSAGEix-GLOBIOM,Delayed Transition (Disorderly scenario),Degree Celsius,,,,,25.24105,25.39593,25.51014,25.67875,25.79345,25.86069,25.93311
Vietnam,VN,VNM,Transition Pathways,Surface temperature,50th percentile,MESSAGEix-GLOBIOM,Fragmented World,Degree Celsius,,,,,25.25221,25.41589,25.53168,25.69948,25.8221,25.90894,26.01197
Vietnam,VN,VNM,Transition Pathways,Surface temperature,50th percentile,MESSAGEix-GLOBIOM,Low Demand,Degree Celsius,,,,,25.2412,25.39991,25.56269,25.6657,25.70594,25.71679,25.73477
Vietnam,VN,VNM,Transition Pathways,Surface temperature,50th percentile,MESSAGEix-GLOBIOM,Nationally Determined Contributions (NDCs),Degree Celsius,,,,,25.25235,25.41765,25.53232,25.67876,25.78992,25.88608,25.99665
Vietnam,VN,VNM,Transition Pathways,Surface temperature,50th percentile,MESSAGEix-GLOBIOM,Net Zero 2050 (Orderly scenario),Degree Celsius,,,,,25.2412,25.39949,25.54803,25.64307,25.68419,25.69445,25.70792
Vietnam,VN,VNM,Transition Pathways,Surface temperature,50th percentile,REMIND-MAgPIE,Below 2°C,Degree Celsius,,,,,25.25128934,25.39558512,25.50751762,25.63642989,25.71266021,25.75784495,25.80117024
Vietnam,VN,VNM,Transition Pathways,Surface temperature,50th percentile,REMIND-MAgPIE,Current Policies (Hot house world scenario),Degree Celsius,,,,,25.25128934,25.41275785,25.52106836,25.66940524,25.79052452,25.91448303,26.06574658
Vietnam,VN,VNM,Transition Pathways,Surface temperature,50th percentile,REMIND-MAgPIE,Delayed Transition (Disorderly scenario),Degree Celsius,,,,,25.25128934,25.41275785,25.52106836,25.64388507,25.75663204,25.81203123,25.84171614
Vietnam,VN,VNM,Transition Pathways,Surface temperature,50th percentile,REMIND-MAgPIE,Fragmented World,Degree Celsius,,,,,25.25128934,25.41275785,25.52106836,25.66695815,25.78450939,25.88522856,25.98988426
Vietnam,VN,VNM,Transition Pathways,Surface temperature,50th percentile,REMIND-MAgPIE,Low Demand,Degree Celsius,,,,,25.25128934,25.40176862,25.51126573,25.5912641,25.5968547,25.5660425,25.54030431
Vietnam,VN,VNM,Transition Pathways,Surface temperature,50th percentile,REMIND-MAgPIE,Nationally Determined Contributions (NDCs),Degree Celsius,,,,,25.25128934,25.41240661,25.52119013,25.6650231,25.75682088,25.83680898,25.92660199
Vietnam,VN,VNM,Transition Pathways,Surface temperature,50th percentile,REMIND-MAgPIE,Net Zero 2050 (Orderly scenario),Degree Celsius,,,,,25.25128934,25.39800401,25.50765627,25.60350616,25.62710405,25.62369118,25.63564589
Vietnam,VN,VNM,Transition Pathways,Surface temperature,5th percentile,GCAM,Below 2°C,Degree Celsius,,,,,25.16054,25.25959,25.34912,25.43341,25.48769,25.52514,25.56825
Vietnam,VN,VNM,Transition Pathways,Surface temperature,5th percentile,GCAM,Current Policies (Hot house world scenario),Degree Celsius,,,,,25.16026,25.25684,25.33953,25.44338,25.54389,25.63579,25.75798
Vietnam,VN,VNM,Transition Pathways,Surface temperature,5th percentile,GCAM,Delayed Transition (Disorderly scenario),Degree Celsius,,,,,25.16029,25.25488,25.34154,25.45381,25.52739,25.575,25.61825
Vietnam,VN,VNM,Transition Pathways,Surface temperature,5th percentile,GCAM,Fragmented World,Degree Celsius,,,,,25.16035,25.25638,25.33991,25.44403,25.5287,25.60552,25.69448
Vietnam,VN,VNM,Transition Pathways,Surface temperature,5th percentile,GCAM,Low Demand,Degree Celsius,,,,,25.16015,25.25442,25.33599,25.41871,25.45856,25.47396,25.47344
Vietnam,VN,VNM,Transition Pathways,Surface temperature,5th percentile,GCAM,Nationally Determined Contributions (NDCs),Degree Celsius,,,,,25.16051,25.25849,25.34405,25.4438,25.53112,25.61572,25.71924
Vietnam,VN,VNM,Transition Pathways,Surface temperature,5th percentile,GCAM,Net Zero 2050 (Orderly scenario),Degree Celsius,,,,,25.16061,25.26288,25.34954,25.41975,25.44909,25.46352,25.45279
Vietnam,VN,VNM,Transition Pathways,Surface temperature,5th percentile,MESSAGEix-GLOBIOM,Below 2°C,Degree Celsius,,,,,25.15481,25.26704,25.35911,25.4424,25.49347,25.51844,25.55182
Vietnam,VN,VNM,Transition Pathways,Surface temperature,5th percentile,MESSAGEix-GLOBIOM,Current Policies (Hot house world scenario),Degree Celsius,,,,,25.15462,25.26532,25.34265,25.44828,25.54437,25.61965,25.7157
Vietnam,VN,VNM,Transition Pathways,Surface temperature,5th percentile,MESSAGEix-GLOBIOM,Delayed Transition (Disorderly scenario),Degree Celsius,,,,,25.15462,25.26311,25.34286,25.4658,25.53424,25.56438,25.59918
Vietnam,VN,VNM,Transition Pathways,Surface temperature,5th percentile,MESSAGEix-GLOBIOM,Fragmented World,Degree Celsius,,,,,25.15472,25.26522,25.34269,25.45967,25.54134,25.59627,25.65558
Vietnam,VN,VNM,Transition Pathways,Surface temperature,5th percentile,MESSAGEix-GLOBIOM,Low Demand,Degree Celsius,,,,,25.15482,25.26628,25.35912,25.41208,25.42651,25.41818,25.41452
Vietnam,VN,VNM,Transition Pathways,Surface temperature,5th percentile,MESSAGEix-GLOBIOM,Nationally Determined Contributions (NDCs),Degree Celsius,,,,,25.15488,25.26667,25.34186,25.44462,25.52288,25.57994,25.65187
Vietnam,VN,VNM,Transition Pathways,Surface temperature,5th percentile,MESSAGEix-GLOBIOM,Net Zero 2050 (Orderly scenario),Degree Celsius,,,,,25.15482,25.26815,25.36188,25.41992,25.43575,25.4206,25.42315
Vietnam,VN,VNM,Transition Pathways,Surface temperature,5th percentile,REMIND-MAgPIE,Below 2°C,Degree Celsius,,,,,25.15243498,25.26008611,25.34205226,25.42816712,25.46720396,25.4755738,25.49818835
Vietnam,VN,VNM,Transition Pathways,Surface temperature,5th percentile,REMIND-MAgPIE,Current Policies (Hot house world scenario),Degree Celsius,,,,,25.15243498,25.25964291,25.33714304,25.43901807,25.52556745,25.59839668,25.69397813
Vietnam,VN,VNM,Transition Pathways,Surface temperature,5th percentile,REMIND-MAgPIE,Delayed Transition (Disorderly scenario),Degree Celsius,,,,,25.15243498,25.25964291,25.33714304,25.43767964,25.49871178,25.51823245,25.5194573
Vietnam,VN,VNM,Transition Pathways,Surface temperature,5th percentile,REMIND-MAgPIE,Fragmented World,Degree Celsius,,,,,25.15243498,25.25964291,25.33714304,25.43682847,25.51267669,25.56815482,25.63159824
Vietnam,VN,VNM,Transition Pathways,Surface temperature,5th percentile,REMIND-MAgPIE,Low Demand,Degree Celsius,,,,,25.15243498,25.26382797,25.33693783,25.38649117,25.36075883,25.31712326,25.28096805
Vietnam,VN,VNM,Transition Pathways,Surface temperature,5th percentile,REMIND-MAgPIE,Nationally Determined Contributions (NDCs),Degree Celsius,,,,,25.15243498,25.25845843,25.33548618,25.42717683,25.48700056,25.53039283,25.57841439
Vietnam,VN,VNM,Transition Pathways,Surface temperature,5th percentile,REMIND-MAgPIE,Net Zero 2050 (Orderly scenario),Degree Celsius,,,,,25.15243498,25.26020016,25.33809908,25.39624439,25.39205086,25.3646958,25.35630328
Vietnam,VN,VNM,Transition Pathways,Surface temperature,95th percentile,GCAM,Below 2°C,Degree Celsius,,,,,25.36412,25.58114,25.79809,26.01743,26.17834,26.30606,26.44741
Vietnam,VN,VNM,Transition Pathways,Surface temperature,95th percentile,GCAM,Current Policies (Hot house world scenario),Degree Celsius,,,,,25.3379,25.54259,25.73641,25.93685,26.13609,26.35629,26.5737
Vietnam,VN,VNM,Transition Pathways,Surface temperature,95th percentile,GCAM,Delayed Transition (Disorderly scenario),Degree Celsius,,,,,25.36355,25.56778,25.75868,26.01817,26.21327,26.36488,26.50918
Vietnam,VN,VNM,Transition Pathways,Surface temperature,95th percentile,GCAM,Fragmented World,Degree Celsius,,,,,25.33807,25.54247,25.73658,25.9468,26.14026,26.33099,26.5072
Vietnam,VN,VNM,Transition Pathways,Surface temperature,95th percentile,GCAM,Low Demand,Degree Celsius,,,,,25.36339,25.56321,25.76526,25.97485,26.12561,26.23578,26.28844
Vietnam,VN,VNM,Transition Pathways,Surface temperature,95th percentile,GCAM,Nationally Determined Contributions (NDCs),Degree Celsius,,,,,25.33826,25.54741,25.74629,25.95422,26.14746,26.34386,26.53691
Vietnam,VN,VNM,Transition Pathways,Surface temperature,95th percentile,GCAM,Net Zero 2050 (Orderly scenario),Degree Celsius,,,,,25.36432,25.58633,25.81072,26.01984,26.15789,26.24952,26.27616
Vietnam,VN,VNM,Transition Pathways,Surface temperature,95th percentile,MESSAGEix-GLOBIOM,Below 2°C,Degree Celsius,,,,,25.34816,25.5784,25.80958,26.02381,26.17417,26.29138,26.43455
Vietnam,VN,VNM,Transition Pathways,Surface temperature,95th percentile,MESSAGEix-GLOBIOM,Current Policies (Hot house world scenario),Degree Celsius,,,,,25.3234,25.54746,25.72582,25.93211,26.13932,26.34219,26.54354
Vietnam,VN,VNM,Transition Pathways,Surface temperature,95th percentile,MESSAGEix-GLOBIOM,Delayed Transition (Disorderly scenario),Degree Celsius,,,,,25.34802,25.57255,25.74792,26.01952,26.21955,26.34902,26.49502
Vietnam,VN,VNM,Transition Pathways,Surface temperature,95th percentile,MESSAGEix-GLOBIOM,Fragmented World,Degree Celsius,,,,,25.32346,25.54706,25.72643,25.96794,26.17412,26.35262,26.50375
Vietnam,VN,VNM,Transition Pathways,Surface temperature,95th percentile,MESSAGEix-GLOBIOM,Low Demand,Degree Celsius,,,,,25.34818,25.58021,25.85052,26.04891,26.15649,26.22019,26.28623
Vietnam,VN,VNM,Transition Pathways,Surface temperature,95th percentile,MESSAGEix-GLOBIOM,Nationally Determined Contributions (NDCs),Degree Celsius,,,,,25.32361,25.55059,25.73297,25.93588,26.13253,26.30828,26.4755
Vietnam,VN,VNM,Transition Pathways,Surface temperature,95th percentile,MESSAGEix-GLOBIOM,Net Zero 2050 (Orderly scenario),Degree Celsius,,,,,25.34818,25.57951,25.82488,26.007,26.09269,26.15227,26.21976
Vietnam,VN,VNM,Transition Pathways,Surface temperature,95th percentile,REMIND-MAgPIE,Below 2°C,Degree Celsius,,,,,25.31932106,25.56962664,25.74415713,25.96059003,26.11514514,26.22404987,26.34180687
Vietnam,VN,VNM,Transition Pathways,Surface temperature,95th percentile,REMIND-MAgPIE,Current Policies (Hot house world scenario),Degree Celsius,,,,,25.31932106,25.54114466,25.70576131,25.92258677,26.11602965,26.33026792,26.54902363
Vietnam,VN,VNM,Transition Pathways,Surface temperature,95th percentile,REMIND-MAgPIE,Delayed Transition (Disorderly scenario),Degree Celsius,,,,,25.31932106,25.54114466,25.70576131,25.95782929,26.15238541,26.2745486,26.38652587
Vietnam,VN,VNM,Transition Pathways,Surface temperature,95th percentile,REMIND-MAgPIE,Fragmented World,Degree Celsius,,,,,25.31932106,25.54114466,25.70576131,25.91963073,26.11447146,26.30745129,26.4751488
Vietnam,VN,VNM,Transition Pathways,Surface temperature,95th percentile,REMIND-MAgPIE,Low Demand,Degree Celsius,,,,,25.31932106,25.5532275,25.72791563,25.89065005,25.96530592,25.97338841,25.99067719
Vietnam,VN,VNM,Transition Pathways,Surface temperature,95th percentile,REMIND-MAgPIE,Nationally Determined Contributions (NDCs),Degree Celsius,,,,,25.31932106,25.53901376,25.70877137,25.91880257,26.09909483,26.25492641,26.40149629
Vietnam,VN,VNM,Transition Pathways,Surface temperature,95th percentile,REMIND-MAgPIE,Net Zero 2050 (Orderly scenario),Degree Celsius,,,,,25.31932106,25.57255344,25.75046512,25.93778902,26.02412484,26.05991542,26.1178887
Vietnam,VN,VNM,Transition Pathways,Emissions and CCS,Bioenergy with CCS,GCAM,Below 2°C,Mt CO2/yr,,,,,0.104,0.0939,0.1574,1.2288,3.5846,4.612,4.9073
Vietnam,VN,VNM,Transition Pathways,Emissions and CCS,Bioenergy with CCS,GCAM,Current Policies (Hot house world scenario),Mt CO2/yr,,,,,0.1024,0.0907,0.0928,0.097,0.1251,0.1239,0.1123
Vietnam,VN,VNM,Transition Pathways,Emissions and CCS,Bioenergy with CCS,GCAM,Delayed Transition (Disorderly scenario),Mt CO2/yr,,,,,0.1024,0.0906,0.0925,0.2599,0.8045,0.651,0.7832
Vietnam,VN,VNM,Transition Pathways,Emissions and CCS,Bioenergy with CCS,GCAM,Fragmented World,Mt CO2/yr,,,,,0.1051,0.0932,0.0957,0.0744,0.0214,0.0062,0.0031
Vietnam,VN,VNM,Transition Pathways,Emissions and CCS,Bioenergy with CCS,GCAM,Low Demand,Mt CO2/yr,,,,,0.1041,0.0953,0.2535,5.1235,8.4579,9.2329,20.3882
Vietnam,VN,VNM,Transition Pathways,Emissions and CCS,Bioenergy with CCS,GCAM,Nationally Determined Contributions (NDCs),Mt CO2/yr,,,,,0.1048,0.0939,0.0865,0.1026,0.1698,0.2493,0.3596
Vietnam,VN,VNM,Transition Pathways,Emissions and CCS,Bioenergy with CCS,GCAM,Net Zero 2050 (Orderly scenario),Mt CO2/yr,,,,,0.104,0.0947,0.9993,4.4231,7.8097,8.2976,16.811
Vietnam,VN,VNM,Transition Pathways,Emissions and CCS,Bioenergy with CCS,MESSAGEix-GLOBIOM,Below 2°C,Mt CO2/yr,,,,,0.0,0.0,0.0,0.492,1.0124,1.7368,3.2511
Vietnam,VN,VNM,Transition Pathways,Emissions and CCS,Bioenergy with CCS,MESSAGEix-GLOBIOM,Current Policies (Hot house world scenario),Mt CO2/yr,,,,,0.0,0.0,0.0,0.0,0.0,0.0,0.0
Vietnam,VN,VNM,Transition Pathways,Emissions and CCS,Bioenergy with CCS,MESSAGEix-GLOBIOM,Delayed Transition (Disorderly scenario),Mt CO2/yr,,,,,0.0,0.0,0.0,0.2796,0.279,0.5967,1.079
Vietnam,VN,VNM,Transition Pathways,Emissions and CCS,Bioenergy with CCS,MESSAGEix-GLOBIOM,Fragmented World,Mt CO2/yr,,,,,0.0,0.0,0.0,0.0,0.3426,1.1599,1.9096
Vietnam,VN,VNM,Transition Pathways,Emissions and CCS,Bioenergy with CCS,MESSAGEix-GLOBIOM,Low Demand,Mt CO2/yr,,,,,0.0,0.0,0.3464,0.8363,1.5756,2.512,4.4477
Vietnam,VN,VNM,Transition Pathways,Emissions and CCS,Bioenergy with CCS,MESSAGEix-GLOBIOM,Nationally Determined Contributions (NDCs),Mt CO2/yr,,,,,0.0,0.0,0.0,0.0,0.0,0.0,0.0
Vietnam,VN,VNM,Transition Pathways,Emissions and CCS,Bioenergy with CCS,MESSAGEix-GLOBIOM,Net Zero 2050 (Orderly scenario),Mt CO2/yr,,,,,0.0,0.0,0.3447,0.6416,2.0031,4.2114,6.3108
Vietnam,VN,VNM,Transition Pathways,Emissions and CCS,Bioenergy with CCS,REMIND-MAgPIE,Below 2°C,Mt CO2/yr,,,,,0.0,0.0,0.0,0.0539,0.4205,1.9619,4.1695
Vietnam,VN,VNM,Transition Pathways,Emissions and CCS,Bioenergy with CCS,REMIND-MAgPIE,Delayed Transition (Disorderly scenario),Mt CO2/yr,,,,,0.0,0.0,0.0,0.0252,0.2918,3.3455,6.5495
Vietnam,VN,VNM,Transition Pathways,Emissions and CCS,Bioenergy with CCS,REMIND-MAgPIE,Low Demand,Mt CO2/yr,,,,,0.0,0.0,0.1261,1.4833,4.9057,9.0335,12.1045
Vietnam,VN,VNM,Transition Pathways,Emissions and CCS,Bioenergy with CCS,REMIND-MAgPIE,Nationally Determined Contributions (NDCs),Mt CO2/yr,,,,,0.0,0.0,0.0,0.012,0.0144,0.0146,0.0148
Vietnam,VN,VNM,Transition Pathways,Emissions and CCS,Bioenergy with CCS,REMIND-MAgPIE,Net Zero 2050 (Orderly scenario),Mt CO2/yr,,,,,0.0,0.013,0.5834,2.7183,8.5036,15.6969,19.4268
Vietnam,VN,VNM,Transition Pathways,Primary energy,Biomass,GCAM,Below 2°C,EJ/yr,,,,,0.7182,0.6369,0.6323,0.6323,0.6442,0.58,0.5194
Vietnam,VN,VNM,Transition Pathways,Primary energy,Biomass,GCAM,Current Policies (Hot house world scenario),EJ/yr,,,,,0.7073,0.6412,0.6336,0.6269,0.6795,0.6249,0.5896
Vietnam,VN,VNM,Transition Pathways,Primary energy,Biomass,GCAM,Delayed Transition (Disorderly scenario),EJ/yr,,,,,0.707,0.6398,0.6309,0.6735,0.611,0.4751,0.3681
Vietnam,VN,VNM,Transition Pathways,Primary energy,Biomass,GCAM,Fragmented World,EJ/yr,,,,,0.7262,0.6589,0.6529,0.6014,0.5056,0.3431,0.2198
Vietnam,VN,VNM,Transition Pathways,Primary energy,Biomass,GCAM,Low Demand,EJ/yr,,,,,0.719,0.6468,0.679,0.6747,0.6616,0.5315,0.5807
Vietnam,VN,VNM,Transition Pathways,Primary energy,Biomass,GCAM,Nationally Determined Contributions (NDCs),EJ/yr,,,,,0.7242,0.6644,0.615,0.64,0.6984,0.6895,0.6923
Vietnam,VN,VNM,Transition Pathways,Primary energy,Biomass,GCAM,Net Zero 2050 (Orderly scenario),EJ/yr,,,,,0.7187,0.6342,0.5992,0.5385,0.4897,0.3648,0.4002
Vietnam,VN,VNM,Transition Pathways,Primary energy,Biomass,MESSAGEix-GLOBIOM,Below 2°C,EJ/yr,,,,,0.9653,0.8502,0.5766,0.4898,0.3814,0.4778,0.6005
Vietnam,VN,VNM,Transition Pathways,Primary energy,Biomass,MESSAGEix-GLOBIOM,Current Policies (Hot house world scenario),EJ/yr,,,,,0.987,0.8268,0.6863,0.5482,0.3549,0.2786,0.1627
Vietnam,VN,VNM,Transition Pathways,Primary energy,Biomass,MESSAGEix-GLOBIOM,Delayed Transition (Disorderly scenario),EJ/yr,,,,,0.9862,0.8251,0.6829,0.7165,0.5114,0.5589,0.4823
Vietnam,VN,VNM,Transition Pathways,Primary energy,Biomass,MESSAGEix-GLOBIOM,Fragmented World,EJ/yr,,,,,0.9617,0.8024,0.6698,0.5463,0.4232,0.5476,0.5633
Vietnam,VN,VNM,Transition Pathways,Primary energy,Biomass,MESSAGEix-GLOBIOM,Low Demand,EJ/yr,,,,,0.9631,0.8503,0.7994,0.807,0.7791,0.8713,1.0069
Vietnam,VN,VNM,Transition Pathways,Primary energy,Biomass,MESSAGEix-GLOBIOM,Nationally Determined Contributions (NDCs),EJ/yr,,,,,0.9643,0.8483,0.5038,0.3838,0.2152,0.1323,0.0702
Vietnam,VN,VNM,Transition Pathways,Primary energy,Biomass,MESSAGEix-GLOBIOM,Net Zero 2050 (Orderly scenario),EJ/yr,,,,,0.9661,0.8523,0.8492,0.7324,0.86,0.9747,1.0037
Vietnam,VN,VNM,Transition Pathways,Primary energy,Biomass,REMIND-MAgPIE,Below 2°C,EJ/yr,,,,,0.1313,0.1335,0.129,0.1345,0.1522,0.2565,0.3229
Vietnam,VN,VNM,Transition Pathways,Primary energy,Biomass,REMIND-MAgPIE,Current Policies (Hot house world scenario),EJ/yr,,,,,0.1387,0.1697,0.0818,0.0386,0.0403,0.0483,0.0614
Vietnam,VN,VNM,Transition Pathways,Primary energy,Biomass,REMIND-MAgPIE,Delayed Transition (Disorderly scenario),EJ/yr,,,,,0.1288,0.1546,0.0713,0.0544,0.0678,0.2638,0.3307
Vietnam,VN,VNM,Transition Pathways,Primary energy,Biomass,REMIND-MAgPIE,Fragmented World,EJ/yr,,,,,0.1351,0.1579,0.0736,0.2204,0.03,0.0365,0.0459
Vietnam,VN,VNM,Transition Pathways,Primary energy,Biomass,REMIND-MAgPIE,Low Demand,EJ/yr,,,,,0.146,0.1336,0.274,0.3328,0.3171,0.279,0.2527
Vietnam,VN,VNM,Transition Pathways,Primary energy,Biomass,REMIND-MAgPIE,Nationally Determined Contributions (NDCs),EJ/yr,,,,,0.1351,0.1888,0.0945,0.0769,0.0774,0.0869,0.1055
Vietnam,VN,VNM,Transition Pathways,Primary energy,Biomass,REMIND-MAgPIE,Net Zero 2050 (Orderly scenario),EJ/yr,,,,,0.1563,0.1561,0.4079,0.4192,0.3915,0.3622,0.405
Vietnam,VN,VNM,Transition Pathways,Primary energy,Coal,GCAM,Below 2°C,EJ/yr,,,,,1.312,1.3702,0.7232,0.4985,0.4152,0.3407,0.3456
Vietnam,VN,VNM,Transition Pathways,Primary energy,Coal,GCAM,Current Policies (Hot house world scenario),EJ/yr,,,,,1.349,1.6834,1.907,2.3606,3.0975,3.4259,3.6988
Vietnam,VN,VNM,Transition Pathways,Primary energy,Coal,GCAM,Delayed Transition (Disorderly scenario),EJ/yr,,,,,1.3544,1.6936,1.9229,1.3047,0.6063,0.4737,0.3924
Vietnam,VN,VNM,Transition Pathways,Primary energy,Coal,GCAM,Fragmented World,EJ/yr,,,,,1.3314,1.6754,1.9169,2.253,2.6457,2.7053,2.699
Vietnam,VN,VNM,Transition Pathways,Primary energy,Coal,GCAM,Low Demand,EJ/yr,,,,,1.3054,1.4732,0.5646,0.4655,0.3533,0.2866,0.2722
Vietnam,VN,VNM,Transition Pathways,Primary energy,Coal,GCAM,Nationally Determined Contributions (NDCs),EJ/yr,,,,,1.3293,1.5675,1.7357,1.1442,1.2974,1.4711,1.5942
Vietnam,VN,VNM,Transition Pathways,Primary energy,Coal,GCAM,Net Zero 2050 (Orderly scenario),EJ/yr,,,,,1.3095,1.3116,0.5416,0.4427,0.3586,0.2793,0.2133
Vietnam,VN,VNM,Transition Pathways,Primary energy,Coal,MESSAGEix-GLOBIOM,Below 2°C,EJ/yr,,,,,6.0961,4.9059,2.6487,1.6066,0.704,0.4951,0.3577
Vietnam,VN,VNM,Transition Pathways,Primary energy,Coal,MESSAGEix-GLOBIOM,Current Policies (Hot house world scenario),EJ/yr,,,,,6.119,4.933,5.038,4.5207,4.0241,3.8716,3.7011
Vietnam,VN,VNM,Transition Pathways,Primary energy,Coal,MESSAGEix-GLOBIOM,Delayed Transition (Disorderly scenario),EJ/yr,,,,,6.1273,4.9425,5.0509,2.3094,0.7872,0.5593,0.4025
Vietnam,VN,VNM,Transition Pathways,Primary energy,Coal,MESSAGEix-GLOBIOM,Fragmented World,EJ/yr,,,,,6.1037,4.9143,5.0117,3.7197,2.3305,1.2754,0.3909
Vietnam,VN,VNM,Transition Pathways,Primary energy,Coal,MESSAGEix-GLOBIOM,Low Demand,EJ/yr,,,,,6.0804,4.8879,0.9391,0.5384,0.3204,0.2141,0.1475
Vietnam,VN,VNM,Transition Pathways,Primary energy,Coal,MESSAGEix-GLOBIOM,Nationally Determined Contributions (NDCs),EJ/yr,,,,,6.0963,4.9065,4.884,3.6311,3.002,1.9752,1.4956
Vietnam,VN,VNM,Transition Pathways,Primary energy,Coal,MESSAGEix-GLOBIOM,Net Zero 2050 (Orderly scenario),EJ/yr,,,,,6.0831,4.8908,1.293,0.8062,0.5248,0.404,0.1721
Vietnam,VN,VNM,Transition Pathways,Primary energy,Coal,REMIND-MAgPIE,Below 2°C,EJ/yr,,,,,1.6038,1.5948,1.2581,0.439,0.3093,0.1533,0.0876
Vietnam,VN,VNM,Transition Pathways,Primary energy,Coal,REMIND-MAgPIE,Current Policies (Hot house world scenario),EJ/yr,,,,,1.7191,1.717,1.771,1.7135,1.8646,1.8825,1.7601
Vietnam,VN,VNM,Transition Pathways,Primary energy,Coal,REMIND-MAgPIE,Delayed Transition (Disorderly scenario),EJ/yr,,,,,1.7017,1.7292,1.7785,1.6065,0.5642,0.1261,0.0909
Vietnam,VN,VNM,Transition Pathways,Primary energy,Coal,REMIND-MAgPIE,Fragmented World,EJ/yr,,,,,1.6488,1.6299,1.7048,1.4809,1.811,1.9697,2.0007
Vietnam,VN,VNM,Transition Pathways,Primary energy,Coal,REMIND-MAgPIE,Low Demand,EJ/yr,,,,,1.6934,1.7131,0.4657,0.0575,0.0511,0.0432,0.0376
Vietnam,VN,VNM,Transition Pathways,Primary energy,Coal,REMIND-MAgPIE,Nationally Determined Contributions (NDCs),EJ/yr,,,,,1.6297,1.5552,1.4779,0.746,0.6427,0.7121,0.8186
Vietnam,VN,VNM,Transition Pathways,Primary energy,Coal,REMIND-MAgPIE,Net Zero 2050 (Orderly scenario),EJ/yr,,,,,1.6319,1.6107,0.3247,0.0497,0.0446,0.0399,0.0349
Vietnam,VN,VNM,Transition Pathways,Final energy,Electricity,GCAM,Below 2°C,EJ/yr,,,,,0.5757,0.8493,1.1664,1.5014,1.9359,2.3666,2.8961
Vietnam,VN,VNM,Transition Pathways,Final energy,Electricity,GCAM,Current Policies (Hot house world scenario),EJ/yr,,,,,0.6184,0.9178,1.2804,1.6437,2.1555,2.383,2.5632
Vietnam,VN,VNM,Transition Pathways,Final energy,Electricity,GCAM,Delayed Transition (Disorderly scenario),EJ/yr,,,,,0.6241,0.931,1.3068,1.5133,1.9754,2.3761,2.8989
Vietnam,VN,VNM,Transition Pathways,Final energy,Electricity,GCAM,Fragmented World,EJ/yr,,,,,0.5936,0.897,1.2664,1.648,2.0734,2.2907,2.4811
Vietnam,VN,VNM,Transition Pathways,Final energy,Electricity,GCAM,Low Demand,EJ/yr,,,,,0.5552,0.7815,0.9954,1.2799,1.7752,2.3472,3.025
Vietnam,VN,VNM,Transition Pathways,Final energy,Electricity,GCAM,Nationally Determined Contributions (NDCs),EJ/yr,,,,,0.5875,0.8918,1.2562,1.5861,2.0396,2.2247,2.401
Vietnam,VN,VNM,Transition Pathways,Final energy,Electricity,GCAM,Net Zero 2050 (Orderly scenario),EJ/yr,,,,,0.5562,0.802,1.0556,1.4441,2.1518,2.9706,3.6327
Vietnam,VN,VNM,Transition Pathways,Final energy,Electricity,MESSAGEix-GLOBIOM,Below 2°C,EJ/yr,,,,,1.778,1.8608,1.9622,2.1325,2.2862,2.6565,2.966
Vietnam,VN,VNM,Transition Pathways,Final energy,Electricity,MESSAGEix-GLOBIOM,Current Policies (Hot house world scenario),EJ/yr,,,,,1.7898,1.8684,2.0889,2.1904,2.2231,2.3333,2.4154
Vietnam,VN,VNM,Transition Pathways,Final energy,Electricity,MESSAGEix-GLOBIOM,Delayed Transition (Disorderly scenario),EJ/yr,,,,,1.7944,1.8751,2.0993,2.1564,2.4381,2.8211,3.103
Vietnam,VN,VNM,Transition Pathways,Final energy,Electricity,MESSAGEix-GLOBIOM,Fragmented World,EJ/yr,,,,,1.7821,1.8599,2.075,2.2071,2.3465,2.4768,2.7597
Vietnam,VN,VNM,Transition Pathways,Final energy,Electricity,MESSAGEix-GLOBIOM,Low Demand,EJ/yr,,,,,1.7676,1.8448,1.797,1.9311,2.069,2.0434,2.007
Vietnam,VN,VNM,Transition Pathways,Final energy,Electricity,MESSAGEix-GLOBIOM,Nationally Determined Contributions (NDCs),EJ/yr,,,,,1.7778,1.8596,2.0121,2.1218,2.2057,2.2942,2.4436
Vietnam,VN,VNM,Transition Pathways,Final energy,Electricity,MESSAGEix-GLOBIOM,Net Zero 2050 (Orderly scenario),EJ/yr,,,,,1.7694,1.8484,1.9644,2.3523,2.7512,3.0149,3.2524
Vietnam,VN,VNM,Transition Pathways,Final energy,Electricity,REMIND-MAgPIE,Below 2°C,EJ/yr,,,,,0.5825,0.8198,1.2183,1.6008,1.9921,2.348,2.6599
Vietnam,VN,VNM,Transition Pathways,Final energy,Electricity,REMIND-MAgPIE,Current Policies (Hot house world scenario),EJ/yr,,,,,0.6348,0.8852,1.2431,1.5947,1.9492,2.1954,2.4281
Vietnam,VN,VNM,Transition Pathways,Final energy,Electricity,REMIND-MAgPIE,Delayed Transition (Disorderly scenario),EJ/yr,,,,,0.6404,0.8973,1.2657,1.543,1.9521,2.2676,2.5892
Vietnam,VN,VNM,Transition Pathways,Final energy,Electricity,REMIND-MAgPIE,Fragmented World,EJ/yr,,,,,0.592,0.8344,1.1909,1.5408,1.8762,2.1287,2.3445
Vietnam,VN,VNM,Transition Pathways,Final energy,Electricity,REMIND-MAgPIE,Low Demand,EJ/yr,,,,,0.6338,0.8475,1.0411,1.2891,1.6121,1.9041,2.0535
Vietnam,VN,VNM,Transition Pathways,Final energy,Electricity,REMIND-MAgPIE,Nationally Determined Contributions (NDCs),EJ/yr,,,,,0.5838,0.8227,1.2184,1.5892,1.9935,2.2207,2.4346
Vietnam,VN,VNM,Transition Pathways,Final energy,Electricity,REMIND-MAgPIE,Net Zero 2050 (Orderly scenario),EJ/yr,,,,,0.5699,0.8019,1.1548,1.4806,1.9789,2.4199,2.6647
Vietnam,VN,VNM,Transition Pathways,Emissions and CCS,Energy and industrial processes CO2 emissions,GCAM,Below 2°C,Mt CO2/yr,,,,,367.3834,397.3067,339.2701,307.0371,265.8051,214.3789,157.0946
Vietnam,VN,VNM,Transition Pathways,Emissions and CCS,Energy and industrial processes CO2 emissions,GCAM,Current Policies (Hot house world scenario),Mt CO2/yr,,,,,366.0229,414.767,442.6419,497.0108,580.1358,605.4296,622.6349
Vietnam,VN,VNM,Transition Pathways,Emissions and CCS,Energy and industrial processes CO2 emissions,GCAM,Delayed Transition (Disorderly scenario),Mt CO2/yr,,,,,366.2298,415.4475,444.0135,397.9175,320.3071,275.431,223.8373
Vietnam,VN,VNM,Transition Pathways,Emissions and CCS,Energy and industrial processes CO2 emissions,GCAM,Fragmented World,Mt CO2/yr,,,,,367.0478,419.283,450.0449,498.7745,544.2768,553.9594,556.1445
Vietnam,VN,VNM,Transition Pathways,Emissions and CCS,Energy and industrial processes CO2 emissions,GCAM,Low Demand,Mt CO2/yr,,,,,368.5212,411.9313,317.7441,282.0722,215.5568,133.2029,52.021
Vietnam,VN,VNM,Transition Pathways,Emissions and CCS,Energy and industrial processes CO2 emissions,GCAM,Nationally Determined Contributions (NDCs),Mt CO2/yr,,,,,368.4542,411.3971,437.8897,398.593,421.2706,422.8947,413.684
Vietnam,VN,VNM,Transition Pathways,Emissions and CCS,Energy and industrial processes CO2 emissions,GCAM,Net Zero 2050 (Orderly scenario),Mt CO2/yr,,,,,366.6919,393.3866,306.0601,256.4043,188.0937,96.1846,25.4404
Vietnam,VN,VNM,Transition Pathways,Emissions and CCS,Energy and industrial processes CO2 emissions,MESSAGEix-GLOBIOM,Below 2°C,Mt CO2/yr,,,,,340.2693,351.9465,300.8293,274.9866,243.1346,221.0505,224.5415
Vietnam,VN,VNM,Transition Pathways,Emissions and CCS,Energy and industrial processes CO2 emissions,MESSAGEix-GLOBIOM,Current Policies (Hot house world scenario),Mt CO2/yr,,,,,340.464,352.2752,407.1644,421.3181,459.7073,536.0133,686.0094
Vietnam,VN,VNM,Transition Pathways,Emissions and CCS,Energy and industrial processes CO2 emissions,MESSAGEix-GLOBIOM,Delayed Transition (Disorderly scenario),Mt CO2/yr,,,,,340.7177,352.7686,408.0062,313.788,230.4851,205.0584,212.2555
Vietnam,VN,VNM,Transition Pathways,Emissions and CCS,Energy and industrial processes CO2 emissions,MESSAGEix-GLOBIOM,Fragmented World,Mt CO2/yr,,,,,340.6329,352.2235,406.8852,382.666,348.5729,297.5115,235.1103
Vietnam,VN,VNM,Transition Pathways,Emissions and CCS,Energy and industrial processes CO2 emissions,MESSAGEix-GLOBIOM,Low Demand,Mt CO2/yr,,,,,339.9435,351.4175,187.7983,145.3391,100.7838,76.492,44.4098
Vietnam,VN,VNM,Transition Pathways,Emissions and CCS,Energy and industrial processes CO2 emissions,MESSAGEix-GLOBIOM,Nationally Determined Contributions (NDCs),Mt CO2/yr,,,,,340.0863,351.7921,404.4318,384.6722,409.4514,420.9193,500.5745
Vietnam,VN,VNM,Transition Pathways,Emissions and CCS,Energy and industrial processes CO2 emissions,MESSAGEix-GLOBIOM,Net Zero 2050 (Orderly scenario),Mt CO2/yr,,,,,339.7261,350.9042,187.6316,120.1821,86.9541,68.5827,57.845
Vietnam,VN,VNM,Transition Pathways,Emissions and CCS,Energy and industrial processes CO2 emissions,REMIND-MAgPIE,Below 2°C,Mt CO2/yr,,,,,360.0879,383.306,363.2943,268.5792,215.8285,148.814,105.8735
Vietnam,VN,VNM,Transition Pathways,Emissions and CCS,Energy and industrial processes CO2 emissions,REMIND-MAgPIE,Current Policies (Hot house world scenario),Mt CO2/yr,,,,,365.0366,386.8101,404.8582,397.0179,402.2052,388.4497,356.2826
Vietnam,VN,VNM,Transition Pathways,Emissions and CCS,Energy and industrial processes CO2 emissions,REMIND-MAgPIE,Delayed Transition (Disorderly scenario),Mt CO2/yr,,,,,363.0266,387.5212,405.0524,397.0127,268.6139,166.7951,120.7747
Vietnam,VN,VNM,Transition Pathways,Emissions and CCS,Energy and industrial processes CO2 emissions,REMIND-MAgPIE,Fragmented World,Mt CO2/yr,,,,,362.1617,381.6563,401.671,382.0652,406.556,408.5859,390.9351
Vietnam,VN,VNM,Transition Pathways,Emissions and CCS,Energy and industrial processes CO2 emissions,REMIND-MAgPIE,Low Demand,Mt CO2/yr,,,,,364.7949,389.3877,253.8786,175.4117,121.5635,68.8355,31.4546
Vietnam,VN,VNM,Transition Pathways,Emissions and CCS,Energy and industrial processes CO2 emissions,REMIND-MAgPIE,Nationally Determined Contributions (NDCs),Mt CO2/yr,,,,,360.8331,375.5604,380.7922,306.8114,284.0233,268.9751,254.1296
Vietnam,VN,VNM,Transition Pathways,Emissions and CCS,Energy and industrial processes CO2 emissions,REMIND-MAgPIE,Net Zero 2050 (Orderly scenario),Mt CO2/yr,,,,,363.6179,386.5204,257.3292,183.1394,128.9282,70.1168,25.8033
Vietnam,VN,VNM,Transition Pathways,Emissions and CCS,Fossil energy CCS,GCAM,Below 2°C,Mt CO2/yr,,,,,0.0123,0.4607,3.2888,9.0442,18.454,26.0477,35.54
Vietnam,VN,VNM,Transition Pathways,Emissions and CCS,Fossil energy CCS,GCAM,Current Policies (Hot house world scenario),Mt CO2/yr,,,,,0.0073,0.2006,0.6733,1.5025,2.7473,3.6269,4.3841
Vietnam,VN,VNM,Transition Pathways,Emissions and CCS,Fossil energy CCS,GCAM,Delayed Transition (Disorderly scenario),Mt CO2/yr,,,,,0.0109,0.3009,1.0099,6.7904,12.2426,22.7008,30.6258
Vietnam,VN,VNM,Transition Pathways,Emissions and CCS,Fossil energy CCS,GCAM,Fragmented World,Mt CO2/yr,,,,,0.0109,0.2994,1.0049,4.5933,8.7543,11.7253,13.9863
Vietnam,VN,VNM,Transition Pathways,Emissions and CCS,Fossil energy CCS,GCAM,Low Demand,Mt CO2/yr,,,,,0.0106,0.2772,2.2668,9.8209,20.5356,30.3851,39.5842
Vietnam,VN,VNM,Transition Pathways,Emissions and CCS,Fossil energy CCS,GCAM,Nationally Determined Contributions (NDCs),Mt CO2/yr,,,,,0.0098,0.2738,0.9344,1.91,3.7772,5.2491,6.6351
Vietnam,VN,VNM,Transition Pathways,Emissions and CCS,Fossil energy CCS,GCAM,Net Zero 2050 (Orderly scenario),Mt CO2/yr,,,,,0.0136,0.538,5.1524,15.4861,28.1719,38.6097,40.4256
Vietnam,VN,VNM,Transition Pathways,Emissions and CCS,Fossil energy CCS,MESSAGEix-GLOBIOM,Below 2°C,Mt CO2/yr,,,,,0.0,0.0,0.9571,4.0955,9.2556,17.9685,30.4871
Vietnam,VN,VNM,Transition Pathways,Emissions and CCS,Fossil energy CCS,MESSAGEix-GLOBIOM,Current Policies (Hot house world scenario),Mt CO2/yr,,,,,0.0,0.0,0.0,0.0,0.0,0.0,0.0
Vietnam,VN,VNM,Transition Pathways,Emissions and CCS,Fossil energy CCS,MESSAGEix-GLOBIOM,Delayed Transition (Disorderly scenario),Mt CO2/yr,,,,,0.0,0.0,0.0,2.5692,7.2883,15.837,29.32
Vietnam,VN,VNM,Transition Pathways,Emissions and CCS,Fossil energy CCS,MESSAGEix-GLOBIOM,Fragmented World,Mt CO2/yr,,,,,0.0,0.0,0.0,1.9107,4.9697,9.9493,18.9769
Vietnam,VN,VNM,Transition Pathways,Emissions and CCS,Fossil energy CCS,MESSAGEix-GLOBIOM,Low Demand,Mt CO2/yr,,,,,0.0,0.0,5.7883,8.004,15.1031,18.7202,22.2668
Vietnam,VN,VNM,Transition Pathways,Emissions and CCS,Fossil energy CCS,MESSAGEix-GLOBIOM,Nationally Determined Contributions (NDCs),Mt CO2/yr,,,,,0.0,0.0,0.0,0.0,0.0,0.0,0.0
Vietnam,VN,VNM,Transition Pathways,Emissions and CCS,Fossil energy CCS,MESSAGEix-GLOBIOM,Net Zero 2050 (Orderly scenario),Mt CO2/yr,,,,,0.0,0.0,8.7186,20.7791,14.1938,21.8259,13.599
Vietnam,VN,VNM,Transition Pathways,Emissions and CCS,Fossil energy CCS,REMIND-MAgPIE,Below 2°C,Mt CO2/yr,,,,,0.0,0.0,0.0,0.0,0.0,0.0,0.0
Vietnam,VN,VNM,Transition Pathways,Emissions and CCS,Fossil energy CCS,REMIND-MAgPIE,Current Policies (Hot house world scenario),Mt CO2/yr,,,,,0.0,0.0,0.0,0.0,0.0,0.0,0.0
Vietnam,VN,VNM,Transition Pathways,Emissions and CCS,Fossil energy CCS,REMIND-MAgPIE,Delayed Transition (Disorderly scenario),Mt CO2/yr,,,,,0.0,0.0,0.0,0.0,0.0,0.0,0.0
Vietnam,VN,VNM,Transition Pathways,Emissions and CCS,Fossil energy CCS,REMIND-MAgPIE,Fragmented World,Mt CO2/yr,,,,,0.0,0.0,0.0,0.0,0.0,0.0,0.0
Vietnam,VN,VNM,Transition Pathways,Emissions and CCS,Fossil energy CCS,REMIND-MAgPIE,Low Demand,Mt CO2/yr,,,,,0.0,0.0,0.0,0.0,0.0,0.0,0.0
Vietnam,VN,VNM,Transition Pathways,Emissions and CCS,Fossil energy CCS,REMIND-MAgPIE,Nationally Determined Contributions (NDCs),Mt CO2/yr,,,,,0.0,0.0,0.0,0.0,0.0,0.0,0.0045
Vietnam,VN,VNM,Transition Pathways,Emissions and CCS,Fossil energy CCS,REMIND-MAgPIE,Net Zero 2050 (Orderly scenario),Mt CO2/yr,,,,,0.0,0.0,0.0,0.0,0.0,0.0,0.0
Vietnam,VN,VNM,Transition Pathways,Primary energy,Gas,GCAM,Below 2°C,EJ/yr,,,,,0.7936,1.0352,1.1883,1.2257,1.2707,1.1689,1.0564
Vietnam,VN,VNM,Transition Pathways,Primary energy,Gas,GCAM,Current Policies (Hot house world scenario),EJ/yr,,,,,0.7107,0.8957,1.0883,1.3459,1.7109,1.898,2.0513
Vietnam,VN,VNM,Transition Pathways,Primary energy,Gas,GCAM,Delayed Transition (Disorderly scenario),EJ/yr,,,,,0.7097,0.8945,1.0874,1.3161,1.4924,1.3822,1.2241
Vietnam,VN,VNM,Transition Pathways,Primary energy,Gas,GCAM,Fragmented World,EJ/yr,,,,,0.7032,0.8906,1.0648,1.3504,1.6843,1.9287,2.1626
Vietnam,VN,VNM,Transition Pathways,Primary energy,Gas,GCAM,Low Demand,EJ/yr,,,,,0.8225,1.0644,1.1182,1.038,0.9796,0.7378,0.7554
Vietnam,VN,VNM,Transition Pathways,Primary energy,Gas,GCAM,Nationally Determined Contributions (NDCs),EJ/yr,,,,,0.7329,0.9425,1.1451,1.5359,1.9107,1.9575,1.9813
Vietnam,VN,VNM,Transition Pathways,Primary energy,Gas,GCAM,Net Zero 2050 (Orderly scenario),EJ/yr,,,,,0.8023,1.0467,1.0064,0.9304,0.8047,0.7135,0.6751
Vietnam,VN,VNM,Transition Pathways,Primary energy,Gas,MESSAGEix-GLOBIOM,Below 2°C,EJ/yr,,,,,0.3071,0.5236,0.8513,1.1858,1.5039,1.4612,1.5605
Vietnam,VN,VNM,Transition Pathways,Primary energy,Gas,MESSAGEix-GLOBIOM,Current Policies (Hot house world scenario),EJ/yr,,,,,0.3071,0.5234,0.7585,0.8193,1.0753,1.3365,1.6498
Vietnam,VN,VNM,Transition Pathways,Primary energy,Gas,MESSAGEix-GLOBIOM,Delayed Transition (Disorderly scenario),EJ/yr,,,,,0.3076,0.5246,0.7609,1.2093,1.1525,1.1931,1.356
Vietnam,VN,VNM,Transition Pathways,Primary energy,Gas,MESSAGEix-GLOBIOM,Fragmented World,EJ/yr,,,,,0.3073,0.5246,0.7611,1.0688,1.4774,1.4432,1.336
Vietnam,VN,VNM,Transition Pathways,Primary energy,Gas,MESSAGEix-GLOBIOM,Low Demand,EJ/yr,,,,,0.3065,0.5218,0.7866,0.5422,0.4732,0.4777,0.5389
Vietnam,VN,VNM,Transition Pathways,Primary energy,Gas,MESSAGEix-GLOBIOM,Nationally Determined Contributions (NDCs),EJ/yr,,,,,0.3071,0.5233,0.7585,1.0662,1.4743,2.0096,2.4636
Vietnam,VN,VNM,Transition Pathways,Primary energy,Gas,MESSAGEix-GLOBIOM,Net Zero 2050 (Orderly scenario),EJ/yr,,,,,0.3026,0.5191,0.8451,0.7803,0.704,0.7046,0.8387
Vietnam,VN,VNM,Transition Pathways,Primary energy,Gas,REMIND-MAgPIE,Below 2°C,EJ/yr,,,,,0.3677,0.536,0.7038,0.7396,0.6612,0.494,0.4166
Vietnam,VN,VNM,Transition Pathways,Primary energy,Gas,REMIND-MAgPIE,Current Policies (Hot house world scenario),EJ/yr,,,,,0.3543,0.5279,0.7483,0.8882,0.9711,0.9548,0.9638
Vietnam,VN,VNM,Transition Pathways,Primary energy,Gas,REMIND-MAgPIE,Delayed Transition (Disorderly scenario),EJ/yr,,,,,0.3525,0.5253,0.7453,0.8745,0.7838,0.5194,0.4074
Vietnam,VN,VNM,Transition Pathways,Primary energy,Gas,REMIND-MAgPIE,Fragmented World,EJ/yr,,,,,0.3642,0.5362,0.7551,0.8986,0.9785,0.9558,0.956
Vietnam,VN,VNM,Transition Pathways,Primary energy,Gas,REMIND-MAgPIE,Low Demand,EJ/yr,,,,,0.3722,0.519,0.5097,0.4087,0.2888,0.1511,0.0801
Vietnam,VN,VNM,Transition Pathways,Primary energy,Gas,REMIND-MAgPIE,Nationally Determined Contributions (NDCs),EJ/yr,,,,,0.3647,0.5352,0.7205,0.8325,0.8645,0.7438,0.7077
Vietnam,VN,VNM,Transition Pathways,Primary energy,Gas,REMIND-MAgPIE,Net Zero 2050 (Orderly scenario),EJ/yr,,,,,0.3596,0.5179,0.625,0.4781,0.3026,0.1228,0.0746
Vietnam,VN,VNM,Transition Pathways,Final energy,Gases,GCAM,Below 2°C,EJ/yr,,,,,0.2355,0.3139,0.367,0.4199,0.4759,0.4995,0.4937
Vietnam,VN,VNM,Transition Pathways,Final energy,Gases,GCAM,Current Policies (Hot house world scenario),EJ/yr,,,,,0.1758,0.2325,0.2952,0.3641,0.4391,0.4829,0.5181
Vietnam,VN,VNM,Transition Pathways,Final energy,Gases,GCAM,Delayed Transition (Disorderly scenario),EJ/yr,,,,,0.1731,0.2282,0.29,0.4223,0.5085,0.5593,0.5682
Vietnam,VN,VNM,Transition Pathways,Final energy,Gases,GCAM,Fragmented World,EJ/yr,,,,,0.2041,0.2609,0.3072,0.3895,0.4596,0.5285,0.5943
Vietnam,VN,VNM,Transition Pathways,Final energy,Gases,GCAM,Low Demand,EJ/yr,,,,,0.2448,0.3282,0.3672,0.4049,0.4195,0.3753,0.3087
Vietnam,VN,VNM,Transition Pathways,Final energy,Gases,GCAM,Nationally Determined Contributions (NDCs),EJ/yr,,,,,0.2148,0.2771,0.3262,0.3899,0.4645,0.5152,0.5547
Vietnam,VN,VNM,Transition Pathways,Final energy,Gases,GCAM,Net Zero 2050 (Orderly scenario),EJ/yr,,,,,0.2431,0.3316,0.3695,0.4123,0.3965,0.3195,0.2315
Vietnam,VN,VNM,Transition Pathways,Final energy,Gases,MESSAGEix-GLOBIOM,Below 2°C,EJ/yr,,,,,0.2632,0.2787,0.2882,0.4329,0.5323,0.5188,0.5016
Vietnam,VN,VNM,Transition Pathways,Final energy,Gases,MESSAGEix-GLOBIOM,Current Policies (Hot house world scenario),EJ/yr,,,,,0.2647,0.2996,0.3985,0.4567,0.5906,0.7393,0.8447
Vietnam,VN,VNM,Transition Pathways,Final energy,Gases,MESSAGEix-GLOBIOM,Delayed Transition (Disorderly scenario),EJ/yr,,,,,0.2654,0.3008,0.4008,0.3828,0.4678,0.4853,0.4752
Vietnam,VN,VNM,Transition Pathways,Final energy,Gases,MESSAGEix-GLOBIOM,Fragmented World,EJ/yr,,,,,0.2638,0.2965,0.3902,0.4589,0.5604,0.7647,0.7918
Vietnam,VN,VNM,Transition Pathways,Final energy,Gases,MESSAGEix-GLOBIOM,Low Demand,EJ/yr,,,,,0.262,0.2768,0.1709,0.2881,0.1638,0.1184,0.1136
Vietnam,VN,VNM,Transition Pathways,Final energy,Gases,MESSAGEix-GLOBIOM,Nationally Determined Contributions (NDCs),EJ/yr,,,,,0.2631,0.2786,0.3976,0.4842,0.6023,0.8015,0.8973
Vietnam,VN,VNM,Transition Pathways,Final energy,Gases,MESSAGEix-GLOBIOM,Net Zero 2050 (Orderly scenario),EJ/yr,,,,,0.2619,0.2768,0.325,0.6234,0.6165,0.7355,0.9017
Vietnam,VN,VNM,Transition Pathways,Final energy,Gases,REMIND-MAgPIE,Below 2°C,EJ/yr,,,,,0.1944,0.2556,0.2885,0.3065,0.3453,0.3115,0.2698
Vietnam,VN,VNM,Transition Pathways,Final energy,Gases,REMIND-MAgPIE,Current Policies (Hot house world scenario),EJ/yr,,,,,0.1706,0.229,0.2736,0.3162,0.3674,0.3829,0.4082
Vietnam,VN,VNM,Transition Pathways,Final energy,Gases,REMIND-MAgPIE,Delayed Transition (Disorderly scenario),EJ/yr,,,,,0.1675,0.2242,0.2673,0.335,0.3632,0.3056,0.26
Vietnam,VN,VNM,Transition Pathways,Final energy,Gases,REMIND-MAgPIE,Fragmented World,EJ/yr,,,,,0.1914,0.2514,0.2948,0.3265,0.3733,0.3915,0.4168
Vietnam,VN,VNM,Transition Pathways,Final energy,Gases,REMIND-MAgPIE,Low Demand,EJ/yr,,,,,0.175,0.2181,0.1525,0.1696,0.1573,0.0782,0.0421
Vietnam,VN,VNM,Transition Pathways,Final energy,Gases,REMIND-MAgPIE,Nationally Determined Contributions (NDCs),EJ/yr,,,,,0.1936,0.2547,0.2939,0.3264,0.3896,0.4045,0.428
Vietnam,VN,VNM,Transition Pathways,Final energy,Gases,REMIND-MAgPIE,Net Zero 2050 (Orderly scenario),EJ/yr,,,,,0.1901,0.2448,0.253,0.2545,0.2,0.0806,0.0511
Vietnam,VN,VNM,Transition Pathways,Primary energy,Geothermal,GCAM,Below 2°C,EJ/yr,,,,,0.0001,0.0004,0.0012,0.0028,0.0042,0.0059,0.0077
Vietnam,VN,VNM,Transition Pathways,Primary energy,Geothermal,GCAM,Current Policies (Hot house world scenario),EJ/yr,,,,,0.0002,0.0007,0.0015,0.0025,0.0038,0.0044,0.0055
Vietnam,VN,VNM,Transition Pathways,Primary energy,Geothermal,GCAM,Delayed Transition (Disorderly scenario),EJ/yr,,,,,0.0002,0.0006,0.0012,0.0018,0.0034,0.0048,0.0062
Vietnam,VN,VNM,Transition Pathways,Primary energy,Geothermal,GCAM,Fragmented World,EJ/yr,,,,,0.0002,0.0006,0.0012,0.0022,0.0035,0.0044,0.0056
Vietnam,VN,VNM,Transition Pathways,Primary energy,Geothermal,GCAM,Low Demand,EJ/yr,,,,,0.0001,0.0004,0.0011,0.003,0.0053,0.0087,0.0117
Vietnam,VN,VNM,Transition Pathways,Primary energy,Geothermal,GCAM,Nationally Determined Contributions (NDCs),EJ/yr,,,,,0.0002,0.0007,0.0016,0.003,0.0046,0.0057,0.0073
Vietnam,VN,VNM,Transition Pathways,Primary energy,Geothermal,GCAM,Net Zero 2050 (Orderly scenario),EJ/yr,,,,,0.0001,0.0003,0.0013,0.003,0.0059,0.0098,0.0119
Vietnam,VN,VNM,Transition Pathways,Primary energy,Geothermal,REMIND-MAgPIE,Below 2°C,EJ/yr,,,,,0.0006,0.0015,0.0027,0.0038,0.0052,0.0074,0.0106
Vietnam,VN,VNM,Transition Pathways,Primary energy,Geothermal,REMIND-MAgPIE,Current Policies (Hot house world scenario),EJ/yr,,,,,0.0006,0.0015,0.0025,0.0031,0.0036,0.004,0.0043
Vietnam,VN,VNM,Transition Pathways,Primary energy,Geothermal,REMIND-MAgPIE,Delayed Transition (Disorderly scenario),EJ/yr,,,,,0.0004,0.0014,0.0021,0.0027,0.0037,0.0054,0.008
Vietnam,VN,VNM,Transition Pathways,Primary energy,Geothermal,REMIND-MAgPIE,Fragmented World,EJ/yr,,,,,0.0004,0.0014,0.0021,0.0026,0.003,0.0033,0.0035
Vietnam,VN,VNM,Transition Pathways,Primary energy,Geothermal,REMIND-MAgPIE,Low Demand,EJ/yr,,,,,0.0012,0.0028,0.0051,0.007,0.0099,0.014,0.019
Vietnam,VN,VNM,Transition Pathways,Primary energy,Geothermal,REMIND-MAgPIE,Nationally Determined Contributions (NDCs),EJ/yr,,,,,0.0006,0.0015,0.0025,0.0032,0.0037,0.0044,0.0049
Vietnam,VN,VNM,Transition Pathways,Primary energy,Geothermal,REMIND-MAgPIE,Net Zero 2050 (Orderly scenario),EJ/yr,,,,,0.0006,0.0018,0.0037,0.0062,0.0108,0.0178,0.0251
Vietnam,VN,VNM,Transition Pathways,Final energy,Heat,MESSAGEix-GLOBIOM,Below 2°C,EJ/yr,,,,,0.0228,0.0462,0.0814,0.103,0.1205,0.115,0.1229
Vietnam,VN,VNM,Transition Pathways,Final energy,Heat,MESSAGEix-GLOBIOM,Current Policies (Hot house world scenario),EJ/yr,,,,,0.0227,0.0457,0.0706,0.1053,0.1237,0.1254,0.1245
Vietnam,VN,VNM,Transition Pathways,Final energy,Heat,MESSAGEix-GLOBIOM,Delayed Transition (Disorderly scenario),EJ/yr,,,,,0.0167,0.0337,0.052,0.0706,0.0711,0.0624,0.059
Vietnam,VN,VNM,Transition Pathways,Final energy,Heat,MESSAGEix-GLOBIOM,Fragmented World,EJ/yr,,,,,0.0168,0.0342,0.0526,0.0662,0.0773,0.0733,0.0671
Vietnam,VN,VNM,Transition Pathways,Final energy,Heat,MESSAGEix-GLOBIOM,Low Demand,EJ/yr,,,,,0.0354,0.0713,0.0805,0.0638,0.0505,0.0403,0.0438
Vietnam,VN,VNM,Transition Pathways,Final energy,Heat,MESSAGEix-GLOBIOM,Nationally Determined Contributions (NDCs),EJ/yr,,,,,0.0227,0.0458,0.0764,0.1111,0.1306,0.1273,0.1326
Vietnam,VN,VNM,Transition Pathways,Final energy,Heat,MESSAGEix-GLOBIOM,Net Zero 2050 (Orderly scenario),EJ/yr,,,,,0.0356,0.0719,0.1091,0.1,0.0881,0.0616,0.0394
Vietnam,VN,VNM,Transition Pathways,Final energy,Heat,REMIND-MAgPIE,Below 2°C,EJ/yr,,,,,0.0017,0.0033,0.0049,0.0061,0.0068,0.0082,0.0113
Vietnam,VN,VNM,Transition Pathways,Final energy,Heat,REMIND-MAgPIE,Current Policies (Hot house world scenario),EJ/yr,,,,,0.0017,0.0035,0.0058,0.0077,0.0102,0.0143,0.019
Vietnam,VN,VNM,Transition Pathways,Final energy,Heat,REMIND-MAgPIE,Delayed Transition (Disorderly scenario),EJ/yr,,,,,0.0013,0.0026,0.0043,0.0053,0.0053,0.0059,0.0079
Vietnam,VN,VNM,Transition Pathways,Final energy,Heat,REMIND-MAgPIE,Fragmented World,EJ/yr,,,,,0.0013,0.0026,0.0043,0.0056,0.0071,0.0098,0.0132
Vietnam,VN,VNM,Transition Pathways,Final energy,Heat,REMIND-MAgPIE,Low Demand,EJ/yr,,,,,0.0026,0.0048,0.006,0.0069,0.009,0.0133,0.0206
Vietnam,VN,VNM,Transition Pathways,Final energy,Heat,REMIND-MAgPIE,Nationally Determined Contributions (NDCs),EJ/yr,,,,,0.0017,0.0035,0.0051,0.0066,0.0088,0.0128,0.0169
Vietnam,VN,VNM,Transition Pathways,Final energy,Heat,REMIND-MAgPIE,Net Zero 2050 (Orderly scenario),EJ/yr,,,,,0.0027,0.0051,0.0065,0.0085,0.0134,0.0221,0.0355
Vietnam,VN,VNM,Transition Pathways,Primary energy,Hydro,GCAM,Below 2°C,EJ/yr,,,,,0.254,0.28,0.3163,0.328,0.3386,0.3484,0.3605
Vietnam,VN,VNM,Transition Pathways,Primary energy,Hydro,GCAM,Current Policies (Hot house world scenario),EJ/yr,,,,,0.2628,0.2813,0.3023,0.3215,0.347,0.3508,0.3537
Vietnam,VN,VNM,Transition Pathways,Primary energy,Hydro,GCAM,Delayed Transition (Disorderly scenario),EJ/yr,,,,,0.2643,0.2837,0.3059,0.3221,0.35,0.3541,0.3647
Vietnam,VN,VNM,Transition Pathways,Primary energy,Hydro,GCAM,Fragmented World,EJ/yr,,,,,0.2567,0.2771,0.3007,0.3273,0.353,0.361,0.3693
Vietnam,VN,VNM,Transition Pathways,Primary energy,Hydro,GCAM,Low Demand,EJ/yr,,,,,0.2512,0.2774,0.3197,0.3239,0.3439,0.3535,0.3664
Vietnam,VN,VNM,Transition Pathways,Primary energy,Hydro,GCAM,Nationally Determined Contributions (NDCs),EJ/yr,,,,,0.2552,0.2797,0.3029,0.3368,0.3542,0.3574,0.3598
Vietnam,VN,VNM,Transition Pathways,Primary energy,Hydro,GCAM,Net Zero 2050 (Orderly scenario),EJ/yr,,,,,0.2523,0.2769,0.303,0.3146,0.3388,0.3559,0.3648
Vietnam,VN,VNM,Transition Pathways,Primary energy,Hydro,MESSAGEix-GLOBIOM,Below 2°C,EJ/yr,,,,,0.3504,0.3845,0.4143,0.4158,0.4172,0.4158,0.4143
Vietnam,VN,VNM,Transition Pathways,Primary energy,Hydro,MESSAGEix-GLOBIOM,Current Policies (Hot house world scenario),EJ/yr,,,,,0.3511,0.3852,0.3875,0.4137,0.4158,0.4138,0.4119
Vietnam,VN,VNM,Transition Pathways,Primary energy,Hydro,MESSAGEix-GLOBIOM,Delayed Transition (Disorderly scenario),EJ/yr,,,,,0.3515,0.3859,0.3884,0.417,0.4187,0.4177,0.4165
Vietnam,VN,VNM,Transition Pathways,Primary energy,Hydro,MESSAGEix-GLOBIOM,Fragmented World,EJ/yr,,,,,0.3509,0.3853,0.3874,0.4171,0.4187,0.4176,0.4165
Vietnam,VN,VNM,Transition Pathways,Primary energy,Hydro,MESSAGEix-GLOBIOM,Low Demand,EJ/yr,,,,,0.3498,0.3834,0.4127,0.4137,0.4147,0.4129,0.4109
Vietnam,VN,VNM,Transition Pathways,Primary energy,Hydro,MESSAGEix-GLOBIOM,Nationally Determined Contributions (NDCs),EJ/yr,,,,,0.3505,0.3845,0.3821,0.4154,0.4162,0.4153,0.4139
Vietnam,VN,VNM,Transition Pathways,Primary energy,Hydro,MESSAGEix-GLOBIOM,Net Zero 2050 (Orderly scenario),EJ/yr,,,,,0.3499,0.3835,0.4129,0.414,0.4149,0.4131,0.4111
Vietnam,VN,VNM,Transition Pathways,Primary energy,Hydro,REMIND-MAgPIE,Below 2°C,EJ/yr,,,,,0.3893,0.498,0.5715,0.5693,0.5178,0.4775,0.4278
Vietnam,VN,VNM,Transition Pathways,Primary energy,Hydro,REMIND-MAgPIE,Current Policies (Hot house world scenario),EJ/yr,,,,,0.4095,0.5197,0.5937,0.6134,0.5938,0.5525,0.4965
Vietnam,VN,VNM,Transition Pathways,Primary energy,Hydro,REMIND-MAgPIE,Delayed Transition (Disorderly scenario),EJ/yr,,,,,0.411,0.5232,0.5994,0.5709,0.5542,0.4945,0.444
Vietnam,VN,VNM,Transition Pathways,Primary energy,Hydro,REMIND-MAgPIE,Fragmented World,EJ/yr,,,,,0.3925,0.5014,0.5759,0.5875,0.5629,0.5169,0.4552
Vietnam,VN,VNM,Transition Pathways,Primary energy,Hydro,REMIND-MAgPIE,Low Demand,EJ/yr,,,,,0.4046,0.5111,0.5507,0.5054,0.4869,0.4654,0.4161
Vietnam,VN,VNM,Transition Pathways,Primary energy,Hydro,REMIND-MAgPIE,Nationally Determined Contributions (NDCs),EJ/yr,,,,,0.3894,0.4962,0.5684,0.5907,0.5586,0.4961,0.4349
Vietnam,VN,VNM,Transition Pathways,Primary energy,Hydro,REMIND-MAgPIE,Net Zero 2050 (Orderly scenario),EJ/yr,,,,,0.3886,0.5056,0.5853,0.5313,0.5155,0.4673,0.4122
Vietnam,VN,VNM,Transition Pathways,Final energy,Hydrogen,GCAM,Below 2°C,EJ/yr,,,,,0.0,0.0017,0.0059,0.0116,0.0162,0.0275,0.0469
Vietnam,VN,VNM,Transition Pathways,Final energy,Hydrogen,GCAM,Current Policies (Hot house world scenario),EJ/yr,,,,,0.0,0.0015,0.0053,0.0099,0.0149,0.0207,0.0265
Vietnam,VN,VNM,Transition Pathways,Final energy,Hydrogen,GCAM,Delayed Transition (Disorderly scenario),EJ/yr,,,,,0.0,0.0015,0.0053,0.0088,0.0131,0.0234,0.0397
Vietnam,VN,VNM,Transition Pathways,Final energy,Hydrogen,GCAM,Fragmented World,EJ/yr,,,,,0.0,0.0016,0.0056,0.0106,0.0161,0.0239,0.0324
Vietnam,VN,VNM,Transition Pathways,Final energy,Hydrogen,GCAM,Low Demand,EJ/yr,,,,,0.0,0.0014,0.005,0.0144,0.0217,0.0426,0.1396
Vietnam,VN,VNM,Transition Pathways,Final energy,Hydrogen,GCAM,Nationally Determined Contributions (NDCs),EJ/yr,,,,,0.0,0.0016,0.0055,0.0096,0.0142,0.0204,0.0274
Vietnam,VN,VNM,Transition Pathways,Final energy,Hydrogen,GCAM,Net Zero 2050 (Orderly scenario),EJ/yr,,,,,0.0,0.0016,0.0058,0.0152,0.026,0.0766,0.1898
Vietnam,VN,VNM,Transition Pathways,Final energy,Hydrogen,MESSAGEix-GLOBIOM,Below 2°C,EJ/yr,,,,,0.0,0.0035,0.0034,0.0055,0.0162,0.0319,0.0664
Vietnam,VN,VNM,Transition Pathways,Final energy,Hydrogen,MESSAGEix-GLOBIOM,Current Policies (Hot house world scenario),EJ/yr,,,,,0.0,0.0035,0.0039,0.0037,0.0037,0.0035,0.0033
Vietnam,VN,VNM,Transition Pathways,Final energy,Hydrogen,MESSAGEix-GLOBIOM,Delayed Transition (Disorderly scenario),EJ/yr,,,,,0.0,0.0035,0.0039,0.0036,0.0227,0.0508,0.0967
Vietnam,VN,VNM,Transition Pathways,Final energy,Hydrogen,MESSAGEix-GLOBIOM,Fragmented World,EJ/yr,,,,,0.0,0.0035,0.0039,0.0038,0.0035,0.0036,0.0036
Vietnam,VN,VNM,Transition Pathways,Final energy,Hydrogen,MESSAGEix-GLOBIOM,Low Demand,EJ/yr,,,,,0.0,0.0035,0.021,0.0453,0.0549,0.1062,0.1963
Vietnam,VN,VNM,Transition Pathways,Final energy,Hydrogen,MESSAGEix-GLOBIOM,Nationally Determined Contributions (NDCs),EJ/yr,,,,,0.0,0.0035,0.004,0.0038,0.0036,0.0033,0.0032
Vietnam,VN,VNM,Transition Pathways,Final energy,Hydrogen,MESSAGEix-GLOBIOM,Net Zero 2050 (Orderly scenario),EJ/yr,,,,,0.0,0.0035,0.0033,0.0032,0.003,0.0029,0.0027
Vietnam,VN,VNM,Transition Pathways,Emissions and CCS,Industrial processes CCS,GCAM,Below 2°C,Mt CO2/yr,,,,,0.0,0.0166,0.1026,3.0043,6.9441,9.6255,11.7009
Vietnam,VN,VNM,Transition Pathways,Emissions and CCS,Industrial processes CCS,GCAM,Current Policies (Hot house world scenario),Mt CO2/yr,,,,,0.0,0.011,0.0548,0.2354,0.3634,0.4348,0.4819
Vietnam,VN,VNM,Transition Pathways,Emissions and CCS,Industrial processes CCS,GCAM,Delayed Transition (Disorderly scenario),Mt CO2/yr,,,,,0.0,0.011,0.0549,1.0399,3.6974,6.1796,9.001
Vietnam,VN,VNM,Transition Pathways,Emissions and CCS,Industrial processes CCS,GCAM,Fragmented World,Mt CO2/yr,,,,,0.0,0.0114,0.0556,0.2458,0.3753,0.4541,0.5077
Vietnam,VN,VNM,Transition Pathways,Emissions and CCS,Industrial processes CCS,GCAM,Low Demand,Mt CO2/yr,,,,,0.0,0.0112,0.0775,3.6025,8.5161,11.3295,13.3702
Vietnam,VN,VNM,Transition Pathways,Emissions and CCS,Industrial processes CCS,GCAM,Nationally Determined Contributions (NDCs),Mt CO2/yr,,,,,0.0,0.0119,0.0594,0.4621,0.9553,1.3537,1.8608
Vietnam,VN,VNM,Transition Pathways,Emissions and CCS,Industrial processes CCS,GCAM,Net Zero 2050 (Orderly scenario),Mt CO2/yr,,,,,0.0,0.0179,0.136,4.5949,10.1233,12.9139,14.6242
Vietnam,VN,VNM,Transition Pathways,Emissions and CCS,Industrial processes CCS,MESSAGEix-GLOBIOM,Below 2°C,Mt CO2/yr,,,,,0.0,0.0,0.0,3.338,7.2257,6.9759,6.7539
Vietnam,VN,VNM,Transition Pathways,Emissions and CCS,Industrial processes CCS,MESSAGEix-GLOBIOM,Current Policies (Hot house world scenario),Mt CO2/yr,,,,,0.0,0.0,0.0,0.0,0.0,0.0,0.0
Vietnam,VN,VNM,Transition Pathways,Emissions and CCS,Industrial processes CCS,MESSAGEix-GLOBIOM,Delayed Transition (Disorderly scenario),Mt CO2/yr,,,,,0.0,0.0,0.0,0.0,0.0,1.0967,1.0667
Vietnam,VN,VNM,Transition Pathways,Emissions and CCS,Industrial processes CCS,MESSAGEix-GLOBIOM,Fragmented World,Mt CO2/yr,,,,,0.0,0.0,0.0,0.5305,0.5124,4.3245,4.229
Vietnam,VN,VNM,Transition Pathways,Emissions and CCS,Industrial processes CCS,MESSAGEix-GLOBIOM,Low Demand,Mt CO2/yr,,,,,0.0,0.0,0.0,7.1933,24.595,35.9596,59.4003
Vietnam,VN,VNM,Transition Pathways,Emissions and CCS,Industrial processes CCS,MESSAGEix-GLOBIOM,Nationally Determined Contributions (NDCs),Mt CO2/yr,,,,,0.0,0.0,0.0,0.0,0.0,0.0,0.0
Vietnam,VN,VNM,Transition Pathways,Emissions and CCS,Industrial processes CCS,MESSAGEix-GLOBIOM,Net Zero 2050 (Orderly scenario),Mt CO2/yr,,,,,0.0,0.0,27.9563,57.6524,63.4414,54.8918,47.764
Vietnam,VN,VNM,Transition Pathways,Emissions and CCS,Industrial processes CCS,REMIND-MAgPIE,Below 2°C,Mt CO2/yr,,,,,0.0,0.0,0.0,0.0,0.0,1.923,3.9201
Vietnam,VN,VNM,Transition Pathways,Emissions and CCS,Industrial processes CCS,REMIND-MAgPIE,Delayed Transition (Disorderly scenario),Mt CO2/yr,,,,,0.0,0.0,0.0,0.0,1.5191,3.7256,5.6194
Vietnam,VN,VNM,Transition Pathways,Emissions and CCS,Industrial processes CCS,REMIND-MAgPIE,Low Demand,Mt CO2/yr,,,,,0.0,0.0,0.0,1.4412,3.0979,4.5745,6.3784
Vietnam,VN,VNM,Transition Pathways,Emissions and CCS,Industrial processes CCS,REMIND-MAgPIE,Nationally Determined Contributions (NDCs),Mt CO2/yr,,,,,0.0,0.0,0.0,0.0,0.0,0.0,0.0
Vietnam,VN,VNM,Transition Pathways,Emissions and CCS,Industrial processes CCS,REMIND-MAgPIE,Net Zero 2050 (Orderly scenario),Mt CO2/yr,,,,,0.0,0.0,0.0,1.3336,2.9263,4.6658,5.1261
Vietnam,VN,VNM,Transition Pathways,Final energy,Liquids,GCAM,Below 2°C,EJ/yr,,,,,1.326,1.574,1.7075,1.8087,1.7943,1.7594,1.5454
Vietnam,VN,VNM,Transition Pathways,Final energy,Liquids,GCAM,Current Policies (Hot house world scenario),EJ/yr,,,,,1.2845,1.4833,1.5931,1.7097,1.8016,1.8991,1.9992
Vietnam,VN,VNM,Transition Pathways,Final energy,Liquids,GCAM,Delayed Transition (Disorderly scenario),EJ/yr,,,,,1.2763,1.4717,1.5779,1.7963,1.7927,1.7733,1.6402
Vietnam,VN,VNM,Transition Pathways,Final energy,Liquids,GCAM,Fragmented World,EJ/yr,,,,,1.3035,1.5228,1.6543,1.8122,1.8614,2.0105,2.1554
Vietnam,VN,VNM,Transition Pathways,Final energy,Liquids,GCAM,Low Demand,EJ/yr,,,,,1.3699,1.6377,1.7065,1.7808,1.7399,1.2483,0.6895
Vietnam,VN,VNM,Transition Pathways,Final energy,Liquids,GCAM,Nationally Determined Contributions (NDCs),EJ/yr,,,,,1.3251,1.5511,1.6934,1.8159,1.8676,1.9593,2.0274
Vietnam,VN,VNM,Transition Pathways,Final energy,Liquids,GCAM,Net Zero 2050 (Orderly scenario),EJ/yr,,,,,1.3671,1.6369,1.7137,1.739,1.4905,0.813,0.3866
Vietnam,VN,VNM,Transition Pathways,Final energy,Liquids,MESSAGEix-GLOBIOM,Below 2°C,EJ/yr,,,,,2.1942,2.713,2.9396,2.6989,2.3839,1.7864,1.4433
Vietnam,VN,VNM,Transition Pathways,Final energy,Liquids,MESSAGEix-GLOBIOM,Current Policies (Hot house world scenario),EJ/yr,,,,,2.2193,2.8845,3.2523,3.2712,3.2037,2.9755,2.7306
Vietnam,VN,VNM,Transition Pathways,Final energy,Liquids,MESSAGEix-GLOBIOM,Delayed Transition (Disorderly scenario),EJ/yr,,,,,2.2238,2.8948,3.2674,2.8654,2.1866,1.5506,1.247
Vietnam,VN,VNM,Transition Pathways,Final energy,Liquids,MESSAGEix-GLOBIOM,Fragmented World,EJ/yr,,,,,2.1991,2.8664,3.2436,3.0519,2.6029,2.0778,1.5189
Vietnam,VN,VNM,Transition Pathways,Final energy,Liquids,MESSAGEix-GLOBIOM,Low Demand,EJ/yr,,,,,2.1829,2.6893,1.9605,1.3353,0.8906,0.6401,0.4827
Vietnam,VN,VNM,Transition Pathways,Final energy,Liquids,MESSAGEix-GLOBIOM,Nationally Determined Contributions (NDCs),EJ/yr,,,,,2.1953,2.7126,3.0388,3.0808,3.0014,2.7221,2.3801
Vietnam,VN,VNM,Transition Pathways,Final energy,Liquids,MESSAGEix-GLOBIOM,Net Zero 2050 (Orderly scenario),EJ/yr,,,,,2.1851,2.6943,2.173,1.5549,1.1079,0.8458,0.5908
Vietnam,VN,VNM,Transition Pathways,Final energy,Liquids,REMIND-MAgPIE,Below 2°C,EJ/yr,,,,,1.2977,1.6405,1.8535,1.8894,1.7687,1.6254,1.4505
Vietnam,VN,VNM,Transition Pathways,Final energy,Liquids,REMIND-MAgPIE,Current Policies (Hot house world scenario),EJ/yr,,,,,1.2637,1.589,1.7442,1.7612,1.6762,1.7398,1.7796
Vietnam,VN,VNM,Transition Pathways,Final energy,Liquids,REMIND-MAgPIE,Delayed Transition (Disorderly scenario),EJ/yr,,,,,1.2554,1.5787,1.7316,1.8428,1.8111,1.7341,1.5853
Vietnam,VN,VNM,Transition Pathways,Final energy,Liquids,REMIND-MAgPIE,Fragmented World,EJ/yr,,,,,1.2897,1.6037,1.7594,1.7905,1.6997,1.7691,1.8128
Vietnam,VN,VNM,Transition Pathways,Final energy,Liquids,REMIND-MAgPIE,Low Demand,EJ/yr,,,,,1.3007,1.6456,1.6822,1.4549,1.1114,0.7876,0.5961
Vietnam,VN,VNM,Transition Pathways,Final energy,Liquids,REMIND-MAgPIE,Nationally Determined Contributions (NDCs),EJ/yr,,,,,1.2937,1.6182,1.8141,1.8693,1.8186,1.8658,1.8645
Vietnam,VN,VNM,Transition Pathways,Final energy,Liquids,REMIND-MAgPIE,Net Zero 2050 (Orderly scenario),EJ/yr,,,,,1.3165,1.6772,1.8701,1.7727,1.4594,1.0863,0.8554
Vietnam,VN,VNM,Transition Pathways,Emissions and CCS,LULUCF CO2 emissions,GCAM,Below 2°C,Mt CO2/yr,,,,,82.2525,2.0022,-5.765,-17.6471,-29.5292,-34.5531,-39.577
Vietnam,VN,VNM,Transition Pathways,Emissions and CCS,LULUCF CO2 emissions,GCAM,Current Policies (Hot house world scenario),Mt CO2/yr,,,,,82.2525,6.0613,2.3532,-6.2179,-14.789,-15.255,-15.721
Vietnam,VN,VNM,Transition Pathways,Emissions and CCS,LULUCF CO2 emissions,GCAM,Delayed Transition (Disorderly scenario),Mt CO2/yr,,,,,82.2525,8.5552,7.341,-8.0938,-23.5286,-32.1053,-40.6819
Vietnam,VN,VNM,Transition Pathways,Emissions and CCS,LULUCF CO2 emissions,GCAM,Fragmented World,Mt CO2/yr,,,,,82.2525,7.6823,5.5953,-0.2462,-6.0876,-7.066,-8.0444
Vietnam,VN,VNM,Transition Pathways,Emissions and CCS,LULUCF CO2 emissions,GCAM,Low Demand,Mt CO2/yr,,,,,82.2525,2.2905,-5.1883,-14.2882,-23.388,-32.4879,-41.5878
Vietnam,VN,VNM,Transition Pathways,Emissions and CCS,LULUCF CO2 emissions,GCAM,Nationally Determined Contributions (NDCs),Mt CO2/yr,,,,,82.2525,6.1031,2.4369,-6.0924,-14.6217,-18.2879,-21.9542
Vietnam,VN,VNM,Transition Pathways,Emissions and CCS,LULUCF CO2 emissions,GCAM,Net Zero 2050 (Orderly scenario),Mt CO2/yr,,,,,82.2525,1.8154,-6.1385,-15.7135,-25.2884,-34.8634,-44.4383
Vietnam,VN,VNM,Transition Pathways,Emissions and CCS,LULUCF CO2 emissions,MESSAGEix-GLOBIOM,Below 2°C,Mt CO2/yr,,,,,82.2525,-26.3052,-75.174,-97.3913,-118.3709,-124.3709,-129.2484
Vietnam,VN,VNM,Transition Pathways,Emissions and CCS,LULUCF CO2 emissions,MESSAGEix-GLOBIOM,Current Policies (Hot house world scenario),Mt CO2/yr,,,,,82.2525,-28.7991,-67.3676,-83.6922,-100.7315,-108.1239,-116.3921
Vietnam,VN,VNM,Transition Pathways,Emissions and CCS,LULUCF CO2 emissions,MESSAGEix-GLOBIOM,Delayed Transition (Disorderly scenario),Mt CO2/yr,,,,,82.2525,-26.3052,-62.3798,-87.3981,-110.2408,-118.3958,-124.8693
Vietnam,VN,VNM,Transition Pathways,Emissions and CCS,LULUCF CO2 emissions,MESSAGEix-GLOBIOM,Fragmented World,Mt CO2/yr,,,,,82.2525,-27.1781,-64.1255,-89.8661,-114.9523,-127.1159,-137.0553
Vietnam,VN,VNM,Transition Pathways,Emissions and CCS,LULUCF CO2 emissions,MESSAGEix-GLOBIOM,Low Demand,Mt CO2/yr,,,,,82.2525,-23.9361,-70.4391,-88.0591,-103.9956,-112.511,-119.2844
Vietnam,VN,VNM,Transition Pathways,Emissions and CCS,LULUCF CO2 emissions,MESSAGEix-GLOBIOM,Nationally Determined Contributions (NDCs),Mt CO2/yr,,,,,82.2525,-27.1781,-64.1255,-83.058,-106.2723,-118.0356,-130.0942
Vietnam,VN,VNM,Transition Pathways,Emissions and CCS,LULUCF CO2 emissions,MESSAGEix-GLOBIOM,Net Zero 2050 (Orderly scenario),Mt CO2/yr,,,,,82.2525,-23.9361,-71.9581,-90.9403,-108.2225,-114.3998,-120.1772
Vietnam,VN,VNM,Transition Pathways,Emissions and CCS,LULUCF CO2 emissions,REMIND-MAgPIE,Below 2°C,Mt CO2/yr,,,,,82.2525,-5.2781,-12.9282,-57.6906,-63.6522,-60.0045,-56.5818
Vietnam,VN,VNM,Transition Pathways,Emissions and CCS,LULUCF CO2 emissions,REMIND-MAgPIE,Current Policies (Hot house world scenario),Mt CO2/yr,,,,,82.2525,10.681,18.5953,20.2645,16.6946,32.0174,63.6662
Vietnam,VN,VNM,Transition Pathways,Emissions and CCS,LULUCF CO2 emissions,REMIND-MAgPIE,Delayed Transition (Disorderly scenario),Mt CO2/yr,,,,,82.2525,13.1749,23.583,-60.781,-67.0054,-62.0315,-55.96
Vietnam,VN,VNM,Transition Pathways,Emissions and CCS,LULUCF CO2 emissions,REMIND-MAgPIE,Fragmented World,Mt CO2/yr,,,,,82.2525,12.302,21.8373,-16.3294,-11.9655,-10.7603,-16.9541
Vietnam,VN,VNM,Transition Pathways,Emissions and CCS,LULUCF CO2 emissions,REMIND-MAgPIE,Low Demand,Mt CO2/yr,,,,,82.2525,-8.5726,-20.1011,-76.6825,-86.831,-89.9788,-95.4842
Vietnam,VN,VNM,Transition Pathways,Emissions and CCS,LULUCF CO2 emissions,REMIND-MAgPIE,Nationally Determined Contributions (NDCs),Mt CO2/yr,,,,,82.2525,-2.537,-2.8247,-4.2801,-8.048,-10.6434,-11.4762
Vietnam,VN,VNM,Transition Pathways,Emissions and CCS,LULUCF CO2 emissions,REMIND-MAgPIE,Net Zero 2050 (Orderly scenario),Mt CO2/yr,,,,,82.2525,-5.6459,-17.5646,-80.6799,-92.8269,-97.3383,-92.3481
Vietnam,VN,VNM,Transition Pathways,Primary energy,Nuclear,REMIND-MAgPIE,Below 2°C,EJ/yr,,,,,0.0014,0.0026,0.0041,0.0057,0.0069,0.0079,0.0085
Vietnam,VN,VNM,Transition Pathways,Primary energy,Nuclear,REMIND-MAgPIE,Current Policies (Hot house world scenario),EJ/yr,,,,,0.0015,0.0028,0.0041,0.0054,0.0064,0.0072,0.0078
Vietnam,VN,VNM,Transition Pathways,Primary energy,Nuclear,REMIND-MAgPIE,Delayed Transition (Disorderly scenario),EJ/yr,,,,,0.0012,0.0023,0.0035,0.0046,0.0057,0.0066,0.0071
Vietnam,VN,VNM,Transition Pathways,Primary energy,Nuclear,REMIND-MAgPIE,Fragmented World,EJ/yr,,,,,0.0013,0.0023,0.0035,0.0044,0.0053,0.0059,0.0063
Vietnam,VN,VNM,Transition Pathways,Primary energy,Nuclear,REMIND-MAgPIE,Low Demand,EJ/yr,,,,,0.0028,0.0049,0.0074,0.0095,0.0109,0.0115,0.0118
Vietnam,VN,VNM,Transition Pathways,Primary energy,Nuclear,REMIND-MAgPIE,Nationally Determined Contributions (NDCs),EJ/yr,,,,,0.0015,0.0027,0.0041,0.0054,0.0064,0.0072,0.0077
Vietnam,VN,VNM,Transition Pathways,Primary energy,Nuclear,REMIND-MAgPIE,Net Zero 2050 (Orderly scenario),EJ/yr,,,,,0.0016,0.0033,0.006,0.0093,0.0126,0.0151,0.0167
Vietnam,VN,VNM,Transition Pathways,Primary energy,Oil,GCAM,Below 2°C,EJ/yr,,,,,1.7278,2.1228,2.4017,2.603,2.5128,2.3193,1.9197
Vietnam,VN,VNM,Transition Pathways,Primary energy,Oil,GCAM,Current Policies (Hot house world scenario),EJ/yr,,,,,1.755,2.0389,2.2062,2.3625,2.4759,2.5152,2.5438
Vietnam,VN,VNM,Transition Pathways,Primary energy,Oil,GCAM,Delayed Transition (Disorderly scenario),EJ/yr,,,,,1.7527,2.0363,2.2035,2.6004,2.6625,2.6575,2.4839
Vietnam,VN,VNM,Transition Pathways,Primary energy,Oil,GCAM,Fragmented World,EJ/yr,,,,,1.766,2.0862,2.2936,2.5245,2.6043,2.7464,2.8819
Vietnam,VN,VNM,Transition Pathways,Primary energy,Oil,GCAM,Low Demand,EJ/yr,,,,,1.7268,2.1336,2.3622,2.5414,2.2831,1.7492,1.071
Vietnam,VN,VNM,Transition Pathways,Primary energy,Oil,GCAM,Nationally Determined Contributions (NDCs),EJ/yr,,,,,1.7938,2.1237,2.3478,2.5517,2.619,2.6518,2.6221
Vietnam,VN,VNM,Transition Pathways,Primary energy,Oil,GCAM,Net Zero 2050 (Orderly scenario),EJ/yr,,,,,1.6549,2.0877,2.3725,2.3737,2.1038,1.3654,0.7807
Vietnam,VN,VNM,Transition Pathways,Primary energy,Oil,MESSAGEix-GLOBIOM,Below 2°C,EJ/yr,,,,,2.1537,2.6755,2.9482,2.7016,2.3957,1.8043,1.4559
Vietnam,VN,VNM,Transition Pathways,Primary energy,Oil,MESSAGEix-GLOBIOM,Current Policies (Hot house world scenario),EJ/yr,,,,,2.1939,2.7377,2.9188,3.1231,3.1658,2.9407,2.6999
Vietnam,VN,VNM,Transition Pathways,Primary energy,Oil,MESSAGEix-GLOBIOM,Delayed Transition (Disorderly scenario),EJ/yr,,,,,2.1954,2.7409,2.9234,2.8045,2.1748,1.5406,1.2673
Vietnam,VN,VNM,Transition Pathways,Primary energy,Oil,MESSAGEix-GLOBIOM,Fragmented World,EJ/yr,,,,,2.1806,2.7279,2.9126,2.9129,2.5722,2.0369,1.486
Vietnam,VN,VNM,Transition Pathways,Primary energy,Oil,MESSAGEix-GLOBIOM,Low Demand,EJ/yr,,,,,2.189,2.7119,1.9391,1.3462,0.9086,0.629,0.4641
Vietnam,VN,VNM,Transition Pathways,Primary energy,Oil,MESSAGEix-GLOBIOM,Nationally Determined Contributions (NDCs),EJ/yr,,,,,2.1706,2.6906,3.0337,3.0629,3.008,2.7412,2.3934
Vietnam,VN,VNM,Transition Pathways,Primary energy,Oil,MESSAGEix-GLOBIOM,Net Zero 2050 (Orderly scenario),EJ/yr,,,,,2.1423,2.6583,2.1613,1.5304,1.065,0.7222,0.4746
Vietnam,VN,VNM,Transition Pathways,Primary energy,Oil,REMIND-MAgPIE,Below 2°C,EJ/yr,,,,,1.9362,2.3175,2.5103,2.4709,2.2662,1.9821,1.612
Vietnam,VN,VNM,Transition Pathways,Primary energy,Oil,REMIND-MAgPIE,Current Policies (Hot house world scenario),EJ/yr,,,,,1.8604,2.2063,2.3424,2.3172,2.2176,2.1736,2.0382
Vietnam,VN,VNM,Transition Pathways,Primary energy,Oil,REMIND-MAgPIE,Delayed Transition (Disorderly scenario),EJ/yr,,,,,1.8562,2.2002,2.3348,2.5,2.4585,2.2374,1.8627
Vietnam,VN,VNM,Transition Pathways,Primary energy,Oil,REMIND-MAgPIE,Fragmented World,EJ/yr,,,,,1.8781,2.2184,2.3575,2.4121,2.3668,2.3704,2.2504
Vietnam,VN,VNM,Transition Pathways,Primary energy,Oil,REMIND-MAgPIE,Low Demand,EJ/yr,,,,,1.977,2.3339,2.3214,2.0173,1.5537,1.0464,0.6882
Vietnam,VN,VNM,Transition Pathways,Primary energy,Oil,REMIND-MAgPIE,Nationally Determined Contributions (NDCs),EJ/yr,,,,,1.8913,2.244,2.4183,2.4279,2.3394,2.2869,2.1131
Vietnam,VN,VNM,Transition Pathways,Primary energy,Oil,REMIND-MAgPIE,Net Zero 2050 (Orderly scenario),EJ/yr,,,,,1.9457,2.3546,2.5184,2.366,1.9515,1.3685,0.8278
Vietnam,VN,VNM,Transition Pathways,Carbon price,Price: Carbon,GCAM,Below 2°C,US$2010/t CO2,,,,,0.0,13.3835,66.0397,141.6786,206.9735,285.4906,387.2225
Vietnam,VN,VNM,Transition Pathways,Carbon price,Price: Carbon,GCAM,Current Policies (Hot house world scenario),US$2010/t CO2,,,,,0.0,0.0,0.0,0.0,0.0,0.0,0.0
Vietnam,VN,VNM,Transition Pathways,Carbon price,Price: Carbon,GCAM,Delayed Transition (Disorderly scenario),US$2010/t CO2,,,,,0.0,0.0,0.0,74.7023,145.5809,227.2169,323.7008
Vietnam,VN,VNM,Transition Pathways,Carbon price,Price: Carbon,GCAM,Fragmented World,US$2010/t CO2,,,,,0.0,0.0,0.0,0.0,0.0,0.0,0.0
Vietnam,VN,VNM,Transition Pathways,Carbon price,Price: Carbon,GCAM,Low Demand,US$2010/t CO2,,,,,0.0,0.0,70.8755,181.3064,300.7883,548.1698,688.8729
Vietnam,VN,VNM,Transition Pathways,Carbon price,Price: Carbon,GCAM,Nationally Determined Contributions (NDCs),US$2010/t CO2,,,,,0.0,3.585,5.034,21.707,36.3218,55.5519,73.775
Vietnam,VN,VNM,Transition Pathways,Carbon price,Price: Carbon,GCAM,Net Zero 2050 (Orderly scenario),US$2010/t CO2,,,,,0.0,19.3137,142.1945,281.177,448.0665,768.9933,938.136
Vietnam,VN,VNM,Transition Pathways,Carbon price,Price: Carbon,MESSAGEix-GLOBIOM,Below 2°C,US$2010/t CO2,,,,,1.8955,0.0,42.6312,53.7199,72.8083,93.0186,120.4726
Vietnam,VN,VNM,Transition Pathways,Carbon price,Price: Carbon,MESSAGEix-GLOBIOM,Current Policies (Hot house world scenario),US$2010/t CO2,,,,,1.8955,0.0,4.7525,6.571,8.3895,10.2079,12.0264
Vietnam,VN,VNM,Transition Pathways,Carbon price,Price: Carbon,MESSAGEix-GLOBIOM,Delayed Transition (Disorderly scenario),US$2010/t CO2,,,,,1.8955,0.0,4.7525,81.661,95.0871,122.5898,157.8758
Vietnam,VN,VNM,Transition Pathways,Carbon price,Price: Carbon,MESSAGEix-GLOBIOM,Fragmented World,US$2010/t CO2,,,,,1.8955,0.0,4.7525,4.2162,30.3083,74.446,308.8429
Vietnam,VN,VNM,Transition Pathways,Carbon price,Price: Carbon,MESSAGEix-GLOBIOM,Low Demand,US$2010/t CO2,,,,,1.8955,0.0,217.9727,266.4718,334.091,468.8882,554.5103
Vietnam,VN,VNM,Transition Pathways,Carbon price,Price: Carbon,MESSAGEix-GLOBIOM,Nationally Determined Contributions (NDCs),US$2010/t CO2,,,,,1.8955,0.0,4.9829,12.6027,20.2225,27.8423,35.4621
Vietnam,VN,VNM,Transition Pathways,Carbon price,Price: Carbon,MESSAGEix-GLOBIOM,Net Zero 2050 (Orderly scenario),US$2010/t CO2,,,,,1.8955,0.0,680.3951,666.9713,855.1099,1031.3848,1570.3199
Vietnam,VN,VNM,Transition Pathways,Carbon price,Price: Carbon,REMIND-MAgPIE,Below 2°C,US$2010/t CO2,,,,,5.5386,24.7794,35.2046,49.4237,69.0583,95.7336,131.0753
Vietnam,VN,VNM,Transition Pathways,Carbon price,Price: Carbon,REMIND-MAgPIE,Current Policies (Hot house world scenario),US$2010/t CO2,,,,,5.5386,5.5608,5.6304,5.7514,5.9292,6.1691,6.4767
Vietnam,VN,VNM,Transition Pathways,Carbon price,Price: Carbon,REMIND-MAgPIE,Delayed Transition (Disorderly scenario),US$2010/t CO2,,,,,5.5386,5.5608,5.6304,61.0496,85.2954,118.2412,161.8932
Vietnam,VN,VNM,Transition Pathways,Carbon price,Price: Carbon,REMIND-MAgPIE,Fragmented World,US$2010/t CO2,,,,,5.5386,5.5608,5.6304,12.2422,12.3514,12.6324,13.0506
Vietnam,VN,VNM,Transition Pathways,Carbon price,Price: Carbon,REMIND-MAgPIE,Low Demand,US$2010/t CO2,,,,,5.5386,58.9333,83.7245,117.5405,164.2349,227.6722,311.7146
Vietnam,VN,VNM,Transition Pathways,Carbon price,Price: Carbon,REMIND-MAgPIE,Nationally Determined Contributions (NDCs),US$2010/t CO2,,,,,5.5386,15.7226,25.9075,28.4737,31.2809,34.3528,37.7123
Vietnam,VN,VNM,Transition Pathways,Carbon price,Price: Carbon,REMIND-MAgPIE,Net Zero 2050 (Orderly scenario),US$2010/t CO2,,,,,5.5386,99.5255,141.393,198.495,277.3569,384.4971,526.4279
Vietnam,VN,VNM,Transition Pathways,Energy prices,Price: Coal,GCAM,Below 2°C,US$2010/GJ,,,,,2.0453,2.3079,2.4864,2.5477,2.6004,2.7643,2.9723
Vietnam,VN,VNM,Transition Pathways,Energy prices,Price: Coal,GCAM,Current Policies (Hot house world scenario),US$2010/GJ,,,,,2.0453,2.0983,2.1743,2.2269,2.2476,2.2624,2.26
Vietnam,VN,VNM,Transition Pathways,Energy prices,Price: Coal,GCAM,Delayed Transition (Disorderly scenario),US$2010/GJ,,,,,2.0453,2.0983,2.1743,2.5397,2.5578,2.74,3.2346
Vietnam,VN,VNM,Transition Pathways,Energy prices,Price: Coal,GCAM,Fragmented World,US$2010/GJ,,,,,2.0453,2.0983,2.1743,2.2168,2.1685,2.1785,2.1615
Vietnam,VN,VNM,Transition Pathways,Energy prices,Price: Coal,GCAM,Low Demand,US$2010/GJ,,,,,2.0453,2.2544,2.4384,2.4966,2.6289,3.2302,3.5288
Vietnam,VN,VNM,Transition Pathways,Energy prices,Price: Coal,GCAM,Nationally Determined Contributions (NDCs),US$2010/GJ,,,,,2.0453,2.0671,2.0722,2.1032,2.106,2.1136,2.0945
Vietnam,VN,VNM,Transition Pathways,Energy prices,Price: Coal,GCAM,Net Zero 2050 (Orderly scenario),US$2010/GJ,,,,,2.0453,2.3083,2.4809,2.638,2.9764,3.601,3.9852
Vietnam,VN,VNM,Transition Pathways,Energy prices,Price: Coal,MESSAGEix-GLOBIOM,Below 2°C,US$2010/GJ,,,,,2.4586,2.451,2.6735,2.8985,2.8524,2.4991,2.7653
Vietnam,VN,VNM,Transition Pathways,Energy prices,Price: Coal,MESSAGEix-GLOBIOM,Current Policies (Hot house world scenario),US$2010/GJ,,,,,2.4586,2.451,2.5295,2.5361,2.6047,2.5987,2.6948
Vietnam,VN,VNM,Transition Pathways,Energy prices,Price: Coal,MESSAGEix-GLOBIOM,Delayed Transition (Disorderly scenario),US$2010/GJ,,,,,2.4586,2.451,2.5295,3.1791,2.7698,3.3009,-0.1003
Vietnam,VN,VNM,Transition Pathways,Energy prices,Price: Coal,MESSAGEix-GLOBIOM,Fragmented World,US$2010/GJ,,,,,2.4586,2.451,2.5295,3.3715,2.5152,3.238,1.0466
Vietnam,VN,VNM,Transition Pathways,Energy prices,Price: Coal,MESSAGEix-GLOBIOM,Low Demand,US$2010/GJ,,,,,2.4586,2.451,3.896,3.7623,1.879,4.9868,5.948
Vietnam,VN,VNM,Transition Pathways,Energy prices,Price: Coal,MESSAGEix-GLOBIOM,Nationally Determined Contributions (NDCs),US$2010/GJ,,,,,2.4586,2.451,2.5316,2.6215,2.6409,2.752,2.7622
Vietnam,VN,VNM,Transition Pathways,Energy prices,Price: Coal,MESSAGEix-GLOBIOM,Net Zero 2050 (Orderly scenario),US$2010/GJ,,,,,2.4586,2.451,6.34,5.9612,7.5471,8.0005,11.6109
Vietnam,VN,VNM,Transition Pathways,Energy prices,Price: Coal,REMIND-MAgPIE,Below 2°C,US$2010/GJ,,,,,2.0344,2.161,1.7827,1.6152,1.4186,1.4234,1.4937
Vietnam,VN,VNM,Transition Pathways,Energy prices,Price: Coal,REMIND-MAgPIE,Current Policies (Hot house world scenario),US$2010/GJ,,,,,2.0344,2.2228,2.2627,2.307,2.3841,2.4996,2.7928
Vietnam,VN,VNM,Transition Pathways,Energy prices,Price: Coal,REMIND-MAgPIE,Delayed Transition (Disorderly scenario),US$2010/GJ,,,,,2.0344,2.2228,2.2627,2.2998,1.8855,1.4268,1.4782
Vietnam,VN,VNM,Transition Pathways,Energy prices,Price: Coal,REMIND-MAgPIE,Fragmented World,US$2010/GJ,,,,,2.0344,2.2228,2.2627,2.2464,2.1067,2.0358,2.4772
Vietnam,VN,VNM,Transition Pathways,Energy prices,Price: Coal,REMIND-MAgPIE,Low Demand,US$2010/GJ,,,,,2.0344,2.3285,1.6288,1.2207,1.2602,1.1936,1.557
Vietnam,VN,VNM,Transition Pathways,Energy prices,Price: Coal,REMIND-MAgPIE,Nationally Determined Contributions (NDCs),US$2010/GJ,,,,,2.0344,2.1324,2.088,2.0799,1.9486,1.8346,1.9253
Vietnam,VN,VNM,Transition Pathways,Energy prices,Price: Coal,REMIND-MAgPIE,Net Zero 2050 (Orderly scenario),US$2010/GJ,,,,,2.0344,2.6167,1.7773,1.444,1.3735,1.4422,1.7394
Vietnam,VN,VNM,Transition Pathways,Energy prices,Price: Gas,GCAM,Below 2°C,US$2010/GJ,,,,,5.805,6.4281,6.6534,6.9383,7.2725,7.6965,8.2105
Vietnam,VN,VNM,Transition Pathways,Energy prices,Price: Gas,GCAM,Current Policies (Hot house world scenario),US$2010/GJ,,,,,5.805,6.1552,6.0685,6.2443,6.528,6.6633,6.8919
Vietnam,VN,VNM,Transition Pathways,Energy prices,Price: Gas,GCAM,Delayed Transition (Disorderly scenario),US$2010/GJ,,,,,5.805,6.1552,6.0685,6.6234,7.0682,7.4982,8.1094
Vietnam,VN,VNM,Transition Pathways,Energy prices,Price: Gas,GCAM,Fragmented World,US$2010/GJ,,,,,5.805,6.1552,6.0685,6.264,6.5638,6.6975,6.8772
Vietnam,VN,VNM,Transition Pathways,Energy prices,Price: Gas,GCAM,Low Demand,US$2010/GJ,,,,,5.805,6.2839,6.4838,6.9805,7.6596,8.9535,9.6596
Vietnam,VN,VNM,Transition Pathways,Energy prices,Price: Gas,GCAM,Nationally Determined Contributions (NDCs),US$2010/GJ,,,,,5.805,6.164,6.0902,6.3128,6.5481,6.574,6.7063
Vietnam,VN,VNM,Transition Pathways,Energy prices,Price: Gas,GCAM,Net Zero 2050 (Orderly scenario),US$2010/GJ,,,,,5.805,6.4432,7.0703,7.8741,8.7618,10.3389,10.8868
Vietnam,VN,VNM,Transition Pathways,Energy prices,Price: Gas,MESSAGEix-GLOBIOM,Below 2°C,US$2010/GJ,,,,,11.4707,5.9532,7.8494,5.6315,6.547,7.0567,5.2074
Vietnam,VN,VNM,Transition Pathways,Energy prices,Price: Gas,MESSAGEix-GLOBIOM,Current Policies (Hot house world scenario),US$2010/GJ,,,,,11.4707,5.5207,4.2073,4.6589,4.9346,5.2321,5.7098
Vietnam,VN,VNM,Transition Pathways,Energy prices,Price: Gas,MESSAGEix-GLOBIOM,Delayed Transition (Disorderly scenario),US$2010/GJ,,,,,11.4707,5.5207,4.2073,10.853,7.5888,6.2663,4.706
Vietnam,VN,VNM,Transition Pathways,Energy prices,Price: Gas,MESSAGEix-GLOBIOM,Fragmented World,US$2010/GJ,,,,,11.4707,5.5207,4.2073,5.1528,5.4085,6.9641,3.8487
Vietnam,VN,VNM,Transition Pathways,Energy prices,Price: Gas,MESSAGEix-GLOBIOM,Low Demand,US$2010/GJ,,,,,11.4707,5.9532,11.733,0.8735,1.2593,2.2254,6.5446
Vietnam,VN,VNM,Transition Pathways,Energy prices,Price: Gas,MESSAGEix-GLOBIOM,Nationally Determined Contributions (NDCs),US$2010/GJ,,,,,11.4707,5.9532,4.1309,4.085,5.4174,6.1445,6.0881
Vietnam,VN,VNM,Transition Pathways,Energy prices,Price: Gas,MESSAGEix-GLOBIOM,Net Zero 2050 (Orderly scenario),US$2010/GJ,,,,,11.4707,5.9532,32.5682,5.2153,4.8611,4.2776,3.2765
Vietnam,VN,VNM,Transition Pathways,Energy prices,Price: Gas,REMIND-MAgPIE,Below 2°C,US$2010/GJ,,,,,3.9711,4.5987,4.4679,5.2041,5.1447,4.8653,4.9049
Vietnam,VN,VNM,Transition Pathways,Energy prices,Price: Gas,REMIND-MAgPIE,Current Policies (Hot house world scenario),US$2010/GJ,,,,,3.9711,4.6647,4.6303,5.0297,5.2841,5.5602,5.7592
Vietnam,VN,VNM,Transition Pathways,Energy prices,Price: Gas,REMIND-MAgPIE,Delayed Transition (Disorderly scenario),US$2010/GJ,,,,,3.9711,4.6647,4.6303,5.7319,5.3499,4.7767,4.1935
Vietnam,VN,VNM,Transition Pathways,Energy prices,Price: Gas,REMIND-MAgPIE,Fragmented World,US$2010/GJ,,,,,3.9711,4.6647,4.6303,4.854,5.2447,5.5672,5.6393
Vietnam,VN,VNM,Transition Pathways,Energy prices,Price: Gas,REMIND-MAgPIE,Low Demand,US$2010/GJ,,,,,3.9711,4.6568,4.3352,5.2357,4.7106,4.1262,4.1033
Vietnam,VN,VNM,Transition Pathways,Energy prices,Price: Gas,REMIND-MAgPIE,Nationally Determined Contributions (NDCs),US$2010/GJ,,,,,3.9711,4.541,4.3304,4.7696,5.0737,5.4085,5.3735
Vietnam,VN,VNM,Transition Pathways,Energy prices,Price: Gas,REMIND-MAgPIE,Net Zero 2050 (Orderly scenario),US$2010/GJ,,,,,3.9711,5.1474,5.5306,5.9206,5.9116,4.9651,4.4127
Vietnam,VN,VNM,Transition Pathways,Energy prices,Price: Oil,GCAM,Below 2°C,US$2010/GJ,,,,,15.1848,15.4712,15.7348,15.8611,15.8875,15.8894,15.6586
Vietnam,VN,VNM,Transition Pathways,Energy prices,Price: Oil,GCAM,Current Policies (Hot house world scenario),US$2010/GJ,,,,,15.1848,15.1745,15.1903,15.2487,15.4123,15.6087,15.4078
Vietnam,VN,VNM,Transition Pathways,Energy prices,Price: Oil,GCAM,Delayed Transition (Disorderly scenario),US$2010/GJ,,,,,15.1848,15.1746,15.1904,15.7132,15.8346,15.6275,15.2632
Vietnam,VN,VNM,Transition Pathways,Energy prices,Price: Oil,GCAM,Fragmented World,US$2010/GJ,,,,,15.1848,15.1745,15.1903,15.4018,15.5047,15.5282,15.0093
Vietnam,VN,VNM,Transition Pathways,Energy prices,Price: Oil,GCAM,Low Demand,US$2010/GJ,,,,,15.1848,15.2003,15.2005,15.1693,15.3426,16.2518,16.2018
Vietnam,VN,VNM,Transition Pathways,Energy prices,Price: Oil,GCAM,Nationally Determined Contributions (NDCs),US$2010/GJ,,,,,15.1848,15.1787,15.1527,15.2049,15.397,15.6312,15.5494
Vietnam,VN,VNM,Transition Pathways,Energy prices,Price: Oil,GCAM,Net Zero 2050 (Orderly scenario),US$2010/GJ,,,,,15.1848,15.5079,15.9819,16.2114,16.6552,18.1252,18.1882
Vietnam,VN,VNM,Transition Pathways,Energy prices,Price: Oil,MESSAGEix-GLOBIOM,Below 2°C,US$2010/GJ,,,,,6.2987,4.5634,3.6179,4.0568,4.2154,4.6234,4.7268
Vietnam,VN,VNM,Transition Pathways,Energy prices,Price: Oil,MESSAGEix-GLOBIOM,Current Policies (Hot house world scenario),US$2010/GJ,,,,,6.2987,4.1902,3.9971,4.3765,4.7144,5.0861,5.385
Vietnam,VN,VNM,Transition Pathways,Energy prices,Price: Oil,MESSAGEix-GLOBIOM,Delayed Transition (Disorderly scenario),US$2010/GJ,,,,,6.2987,4.1902,3.9971,4.2235,4.3718,4.4715,4.4382
Vietnam,VN,VNM,Transition Pathways,Energy prices,Price: Oil,MESSAGEix-GLOBIOM,Fragmented World,US$2010/GJ,,,,,6.2987,4.1902,3.9971,4.7626,4.3895,5.1393,5.346
Vietnam,VN,VNM,Transition Pathways,Energy prices,Price: Oil,MESSAGEix-GLOBIOM,Low Demand,US$2010/GJ,,,,,6.2987,4.5634,4.2902,-1.6859,1.6111,4.6977,-0.7849
Vietnam,VN,VNM,Transition Pathways,Energy prices,Price: Oil,MESSAGEix-GLOBIOM,Nationally Determined Contributions (NDCs),US$2010/GJ,,,,,6.2987,4.5634,4.011,4.3389,4.4139,4.8986,5.7417
Vietnam,VN,VNM,Transition Pathways,Energy prices,Price: Oil,MESSAGEix-GLOBIOM,Net Zero 2050 (Orderly scenario),US$2010/GJ,,,,,6.2987,4.5634,9.2947,3.7596,4.5741,1.8322,-0.4144
Vietnam,VN,VNM,Transition Pathways,Energy prices,Price: Oil,REMIND-MAgPIE,Below 2°C,US$2010/GJ,,,,,11.1918,12.3944,13.1936,13.1533,14.3813,15.7881,17.0372
Vietnam,VN,VNM,Transition Pathways,Energy prices,Price: Oil,REMIND-MAgPIE,Current Policies (Hot house world scenario),US$2010/GJ,,,,,11.1918,12.923,13.7395,14.0862,15.7503,17.553,19.4513
Vietnam,VN,VNM,Transition Pathways,Energy prices,Price: Oil,REMIND-MAgPIE,Delayed Transition (Disorderly scenario),US$2010/GJ,,,,,11.1918,12.923,13.7395,13.6337,14.3796,15.898,17.1657
Vietnam,VN,VNM,Transition Pathways,Energy prices,Price: Oil,REMIND-MAgPIE,Fragmented World,US$2010/GJ,,,,,11.1918,12.923,13.7395,13.8446,15.3055,17.0406,18.6781
Vietnam,VN,VNM,Transition Pathways,Energy prices,Price: Oil,REMIND-MAgPIE,Low Demand,US$2010/GJ,,,,,11.1918,11.7366,11.065,11.3465,12.1038,12.9514,13.7653
Vietnam,VN,VNM,Transition Pathways,Energy prices,Price: Oil,REMIND-MAgPIE,Nationally Determined Contributions (NDCs),US$2010/GJ,,,,,11.1918,12.8033,13.4785,13.705,15.3123,17.1199,18.7941
Vietnam,VN,VNM,Transition Pathways,Energy prices,Price: Oil,REMIND-MAgPIE,Net Zero 2050 (Orderly scenario),US$2010/GJ,,,,,11.1918,12.1243,12.6335,12.2863,12.9663,13.827,14.5051
Vietnam,VN,VNM,Transition Pathways,Primary energy,Solar,GCAM,Below 2°C,EJ/yr,,,,,0.0021,0.0358,0.1184,0.2099,0.3695,0.517,0.7116
Vietnam,VN,VNM,Transition Pathways,Primary energy,Solar,GCAM,Current Policies (Hot house world scenario),EJ/yr,,,,,0.0023,0.0297,0.0819,0.1371,0.2284,0.2725,0.3142
Vietnam,VN,VNM,Transition Pathways,Primary energy,Solar,GCAM,Delayed Transition (Disorderly scenario),EJ/yr,,,,,0.0023,0.0295,0.0815,0.16,0.3548,0.4916,0.6726
Vietnam,VN,VNM,Transition Pathways,Primary energy,Solar,GCAM,Fragmented World,EJ/yr,,,,,0.0021,0.0269,0.0748,0.1407,0.244,0.3119,0.3803
Vietnam,VN,VNM,Transition Pathways,Primary energy,Solar,GCAM,Low Demand,EJ/yr,,,,,0.0021,0.0274,0.1102,0.1932,0.3858,0.6229,1.0621
Vietnam,VN,VNM,Transition Pathways,Primary energy,Solar,GCAM,Nationally Determined Contributions (NDCs),EJ/yr,,,,,0.0022,0.0311,0.0859,0.1884,0.3148,0.3749,0.4358
Vietnam,VN,VNM,Transition Pathways,Primary energy,Solar,GCAM,Net Zero 2050 (Orderly scenario),EJ/yr,,,,,0.0021,0.0373,0.1227,0.2347,0.4891,0.8599,1.3729
Vietnam,VN,VNM,Transition Pathways,Primary energy,Solar,MESSAGEix-GLOBIOM,Below 2°C,EJ/yr,,,,,0.1164,0.1779,0.6022,0.9438,1.2077,1.2817,1.3952
Vietnam,VN,VNM,Transition Pathways,Primary energy,Solar,MESSAGEix-GLOBIOM,Current Policies (Hot house world scenario),EJ/yr,,,,,0.1281,0.195,0.2422,0.3928,0.5784,0.5787,0.5696
Vietnam,VN,VNM,Transition Pathways,Primary energy,Solar,MESSAGEix-GLOBIOM,Delayed Transition (Disorderly scenario),EJ/yr,,,,,0.1276,0.1935,0.2392,0.6396,1.3619,1.3793,1.3979
Vietnam,VN,VNM,Transition Pathways,Primary energy,Solar,MESSAGEix-GLOBIOM,Fragmented World,EJ/yr,,,,,0.1159,0.1757,0.2108,0.6199,0.7785,1.203,1.376
Vietnam,VN,VNM,Transition Pathways,Primary energy,Solar,MESSAGEix-GLOBIOM,Low Demand,EJ/yr,,,,,0.1164,0.1787,0.6275,1.0503,1.0021,0.8948,0.8497
Vietnam,VN,VNM,Transition Pathways,Primary energy,Solar,MESSAGEix-GLOBIOM,Nationally Determined Contributions (NDCs),EJ/yr,,,,,0.1169,0.1787,0.2176,0.6083,0.6113,0.7961,0.8872
Vietnam,VN,VNM,Transition Pathways,Primary energy,Solar,MESSAGEix-GLOBIOM,Net Zero 2050 (Orderly scenario),EJ/yr,,,,,0.1171,0.1799,0.7316,1.2715,1.3927,1.363,1.3769
Vietnam,VN,VNM,Transition Pathways,Primary energy,Solar,REMIND-MAgPIE,Below 2°C,EJ/yr,,,,,0.0071,0.0686,0.3788,0.9434,1.4846,1.8816,2.1526
Vietnam,VN,VNM,Transition Pathways,Primary energy,Solar,REMIND-MAgPIE,Current Policies (Hot house world scenario),EJ/yr,,,,,0.0078,0.0609,0.2659,0.5954,0.9943,1.3256,1.5342
Vietnam,VN,VNM,Transition Pathways,Primary energy,Solar,REMIND-MAgPIE,Delayed Transition (Disorderly scenario),EJ/yr,,,,,0.0078,0.0608,0.2666,0.5592,1.2007,1.7099,2.0577
Vietnam,VN,VNM,Transition Pathways,Primary energy,Solar,REMIND-MAgPIE,Fragmented World,EJ/yr,,,,,0.0071,0.0557,0.2477,0.495,0.7878,1.04,1.2368
Vietnam,VN,VNM,Transition Pathways,Primary energy,Solar,REMIND-MAgPIE,Low Demand,EJ/yr,,,,,0.0084,0.0663,0.392,0.7895,1.1709,1.383,1.424
Vietnam,VN,VNM,Transition Pathways,Primary energy,Solar,REMIND-MAgPIE,Nationally Determined Contributions (NDCs),EJ/yr,,,,,0.0071,0.0644,0.3323,0.8411,1.3582,1.6434,1.7963
Vietnam,VN,VNM,Transition Pathways,Primary energy,Solar,REMIND-MAgPIE,Net Zero 2050 (Orderly scenario),EJ/yr,,,,,0.0072,0.0758,0.5107,0.9793,1.5539,2.0456,2.3942
Vietnam,VN,VNM,Transition Pathways,Final energy,Solids,GCAM,Below 2°C,EJ/yr,,,,,1.0711,1.0154,1.0021,0.9426,0.8568,0.6843,0.5325
Vietnam,VN,VNM,Transition Pathways,Final energy,Solids,GCAM,Current Policies (Hot house world scenario),EJ/yr,,,,,1.0429,1.0081,1.0125,1.0973,1.3241,1.3353,1.333
Vietnam,VN,VNM,Transition Pathways,Final energy,Solids,GCAM,Delayed Transition (Disorderly scenario),EJ/yr,,,,,1.0459,1.0116,1.0169,1.0686,0.9811,0.7784,0.5915
Vietnam,VN,VNM,Transition Pathways,Final energy,Solids,GCAM,Fragmented World,EJ/yr,,,,,1.077,1.0397,1.0519,1.1531,1.3261,1.295,1.2392
Vietnam,VN,VNM,Transition Pathways,Final energy,Solids,GCAM,Low Demand,EJ/yr,,,,,1.0726,1.0294,1.0154,0.9058,0.7252,0.4733,0.3122
Vietnam,VN,VNM,Transition Pathways,Final energy,Solids,GCAM,Nationally Determined Contributions (NDCs),EJ/yr,,,,,1.0749,1.0368,1.0328,1.1021,1.2123,1.1781,1.1264
Vietnam,VN,VNM,Transition Pathways,Final energy,Solids,GCAM,Net Zero 2050 (Orderly scenario),EJ/yr,,,,,1.0696,1.0051,0.958,0.7674,0.5579,0.3087,0.1686
Vietnam,VN,VNM,Transition Pathways,Final energy,Solids,MESSAGEix-GLOBIOM,Below 2°C,EJ/yr,,,,,2.3852,2.065,1.4923,1.1021,0.8393,0.7657,0.7238
Vietnam,VN,VNM,Transition Pathways,Final energy,Solids,MESSAGEix-GLOBIOM,Current Policies (Hot house world scenario),EJ/yr,,,,,2.4187,1.9616,1.7116,1.2597,1.0826,0.9376,0.8626
Vietnam,VN,VNM,Transition Pathways,Final energy,Solids,MESSAGEix-GLOBIOM,Delayed Transition (Disorderly scenario),EJ/yr,,,,,2.4212,1.9638,1.7134,1.3136,0.9621,0.7781,0.6583
Vietnam,VN,VNM,Transition Pathways,Final energy,Solids,MESSAGEix-GLOBIOM,Fragmented World,EJ/yr,,,,,2.3866,1.9265,1.6803,1.2892,0.8899,0.7237,0.6571
Vietnam,VN,VNM,Transition Pathways,Final energy,Solids,MESSAGEix-GLOBIOM,Low Demand,EJ/yr,,,,,2.3747,2.0565,1.2635,0.9888,0.8832,0.8788,0.9307
Vietnam,VN,VNM,Transition Pathways,Final energy,Solids,MESSAGEix-GLOBIOM,Nationally Determined Contributions (NDCs),EJ/yr,,,,,2.3866,2.0699,1.7041,1.2237,0.9543,0.8071,0.6744
Vietnam,VN,VNM,Transition Pathways,Final energy,Solids,MESSAGEix-GLOBIOM,Net Zero 2050 (Orderly scenario),EJ/yr,,,,,2.3775,2.0561,1.4796,1.0776,0.9055,0.6499,0.4805
Vietnam,VN,VNM,Transition Pathways,Final energy,Solids,REMIND-MAgPIE,Below 2°C,EJ/yr,,,,,1.0172,0.9097,0.7181,0.4918,0.3704,0.3024,0.2906
Vietnam,VN,VNM,Transition Pathways,Final energy,Solids,REMIND-MAgPIE,Current Policies (Hot house world scenario),EJ/yr,,,,,1.0072,0.9486,0.8974,0.9259,1.0428,1.1325,1.1962
Vietnam,VN,VNM,Transition Pathways,Final energy,Solids,REMIND-MAgPIE,Delayed Transition (Disorderly scenario),EJ/yr,,,,,1.0118,0.9568,0.9079,0.8679,0.5097,0.2848,0.2947
Vietnam,VN,VNM,Transition Pathways,Final energy,Solids,REMIND-MAgPIE,Fragmented World,EJ/yr,,,,,1.0096,0.9315,0.8803,0.9235,1.1014,1.2094,1.3292
Vietnam,VN,VNM,Transition Pathways,Final energy,Solids,REMIND-MAgPIE,Low Demand,EJ/yr,,,,,0.9837,0.8608,0.4719,0.2581,0.2049,0.1363,0.0921
Vietnam,VN,VNM,Transition Pathways,Final energy,Solids,REMIND-MAgPIE,Nationally Determined Contributions (NDCs),EJ/yr,,,,,1.0162,0.9237,0.7661,0.6353,0.6057,0.6351,0.7019
Vietnam,VN,VNM,Transition Pathways,Final energy,Solids,REMIND-MAgPIE,Net Zero 2050 (Orderly scenario),EJ/yr,,,,,1.0239,0.8929,0.4888,0.3221,0.2337,0.1394,0.0928
Vietnam,VN,VNM,Transition Pathways,Emissions and CCS,Total non-CO2 emissions,GCAM,Below 2°C,Mt CO2-equiv/yr,,,,,119.7219,119.5073,115.0356,107.6026,109.8698,113.2286,115.4211
Vietnam,VN,VNM,Transition Pathways,Emissions and CCS,Total non-CO2 emissions,GCAM,Current Policies (Hot house world scenario),Mt CO2-equiv/yr,,,,,119.7219,127.5678,135.9572,147.6756,162.904,173.6319,178.5381
Vietnam,VN,VNM,Transition Pathways,Emissions and CCS,Total non-CO2 emissions,GCAM,Delayed Transition (Disorderly scenario),Mt CO2-equiv/yr,,,,,119.7245,127.5717,135.9599,124.8738,123.0767,122.8867,128.2495
Vietnam,VN,VNM,Transition Pathways,Emissions and CCS,Total non-CO2 emissions,GCAM,Fragmented World,Mt CO2-equiv/yr,,,,,119.7219,127.5679,135.9572,155.596,175.3614,191.4796,200.597
Vietnam,VN,VNM,Transition Pathways,Emissions and CCS,Total non-CO2 emissions,GCAM,Low Demand,Mt CO2-equiv/yr,,,,,119.7219,122.7373,108.8384,97.858,101.5838,102.0026,108.2708
Vietnam,VN,VNM,Transition Pathways,Emissions and CCS,Total non-CO2 emissions,GCAM,Nationally Determined Contributions (NDCs),Mt CO2-equiv/yr,,,,,119.7219,126.5708,135.6691,139.8328,146.5434,153.7631,159.2184
Vietnam,VN,VNM,Transition Pathways,Emissions and CCS,Total non-CO2 emissions,GCAM,Net Zero 2050 (Orderly scenario),Mt CO2-equiv/yr,,,,,119.7219,118.065,97.9849,97.0464,97.3567,100.1328,108.2767
Vietnam,VN,VNM,Transition Pathways,Emissions and CCS,Total non-CO2 emissions,MESSAGEix-GLOBIOM,Below 2°C,Mt CO2-equiv/yr,,,,,189.1116,171.7889,132.541,104.3194,122.7261,131.6862,134.6739
Vietnam,VN,VNM,Transition Pathways,Emissions and CCS,Total non-CO2 emissions,MESSAGEix-GLOBIOM,Current Policies (Hot house world scenario),Mt CO2-equiv/yr,,,,,189.1116,171.968,158.8295,149.7182,178.8354,198.9562,202.4589
Vietnam,VN,VNM,Transition Pathways,Emissions and CCS,Total non-CO2 emissions,MESSAGEix-GLOBIOM,Delayed Transition (Disorderly scenario),Mt CO2-equiv/yr,,,,,189.1116,171.968,158.8295,118.4244,125.5572,135.2957,137.8582
Vietnam,VN,VNM,Transition Pathways,Emissions and CCS,Total non-CO2 emissions,MESSAGEix-GLOBIOM,Fragmented World,Mt CO2-equiv/yr,,,,,189.1116,171.968,158.8295,128.7609,138.5326,144.8977,136.8652
Vietnam,VN,VNM,Transition Pathways,Emissions and CCS,Total non-CO2 emissions,MESSAGEix-GLOBIOM,Low Demand,Mt CO2-equiv/yr,,,,,189.1116,171.7889,111.2864,91.9625,107.0049,117.64,120.8561
Vietnam,VN,VNM,Transition Pathways,Emissions and CCS,Total non-CO2 emissions,MESSAGEix-GLOBIOM,Nationally Determined Contributions (NDCs),Mt CO2-equiv/yr,,,,,189.1116,171.7889,158.8796,133.5976,152.8293,162.3279,162.941
Vietnam,VN,VNM,Transition Pathways,Emissions and CCS,Total non-CO2 emissions,MESSAGEix-GLOBIOM,Net Zero 2050 (Orderly scenario),Mt CO2-equiv/yr,,,,,189.1116,171.7889,115.1186,93.785,108.1754,117.8119,122.2199
Vietnam,VN,VNM,Transition Pathways,Emissions and CCS,Total non-CO2 emissions,REMIND-MAgPIE,Below 2°C,Mt CO2-equiv/yr,,,,,116.2096,116.6428,123.0457,110.2205,103.6278,101.7216,93.578
Vietnam,VN,VNM,Transition Pathways,Emissions and CCS,Total non-CO2 emissions,REMIND-MAgPIE,Current Policies (Hot house world scenario),Mt CO2-equiv/yr,,,,,116.2096,120.3416,129.9249,135.2979,136.6829,141.0144,144.8007
Vietnam,VN,VNM,Transition Pathways,Emissions and CCS,Total non-CO2 emissions,REMIND-MAgPIE,Delayed Transition (Disorderly scenario),Mt CO2-equiv/yr,,,,,116.2096,120.3416,129.9249,114.3659,109.086,104.1512,99.6508
Vietnam,VN,VNM,Transition Pathways,Emissions and CCS,Total non-CO2 emissions,REMIND-MAgPIE,Fragmented World,Mt CO2-equiv/yr,,,,,116.2096,120.3416,129.9249,130.7539,135.6946,141.0587,143.5479
Vietnam,VN,VNM,Transition Pathways,Emissions and CCS,Total non-CO2 emissions,REMIND-MAgPIE,Low Demand,Mt CO2-equiv/yr,,,,,116.2096,108.0463,102.6011,76.0371,60.6271,51.8959,41.2983
Vietnam,VN,VNM,Transition Pathways,Emissions and CCS,Total non-CO2 emissions,REMIND-MAgPIE,Nationally Determined Contributions (NDCs),Mt CO2-equiv/yr,,,,,116.2096,117.7378,124.3884,123.6965,129.2643,133.6948,136.2197
Vietnam,VN,VNM,Transition Pathways,Emissions and CCS,Total non-CO2 emissions,REMIND-MAgPIE,Net Zero 2050 (Orderly scenario),Mt CO2-equiv/yr,,,,,116.2096,114.5848,113.4728,91.2313,85.0261,83.9402,82.3712
Vietnam,VN,VNM,Transition Pathways,Primary energy,Wind,GCAM,Below 2°C,EJ/yr,,,,,0.0081,0.2062,0.6217,0.9965,1.3763,1.8357,2.371
Vietnam,VN,VNM,Transition Pathways,Primary energy,Wind,GCAM,Current Policies (Hot house world scenario),EJ/yr,,,,,0.0085,0.1467,0.3704,0.5431,0.7417,0.8683,0.9655
Vietnam,VN,VNM,Transition Pathways,Primary energy,Wind,GCAM,Delayed Transition (Disorderly scenario),EJ/yr,,,,,0.0086,0.1478,0.3742,0.7639,1.2686,1.7368,2.2874
Vietnam,VN,VNM,Transition Pathways,Primary energy,Wind,GCAM,Fragmented World,EJ/yr,,,,,0.0082,0.1439,0.3656,0.5992,0.8486,1.0462,1.2114
Vietnam,VN,VNM,Transition Pathways,Primary energy,Wind,GCAM,Low Demand,EJ/yr,,,,,0.008,0.1486,0.5417,0.9062,1.4108,2.0391,2.6559
Vietnam,VN,VNM,Transition Pathways,Primary energy,Wind,GCAM,Nationally Determined Contributions (NDCs),EJ/yr,,,,,0.0081,0.1671,0.4169,0.7434,0.9814,1.1343,1.2874
Vietnam,VN,VNM,Transition Pathways,Primary energy,Wind,GCAM,Net Zero 2050 (Orderly scenario),EJ/yr,,,,,0.008,0.216,0.7048,1.169,1.8667,2.6514,3.2605
Vietnam,VN,VNM,Transition Pathways,Primary energy,Wind,MESSAGEix-GLOBIOM,Below 2°C,EJ/yr,,,,,0.1351,0.3324,0.5988,0.6453,0.7013,0.9474,1.1176
Vietnam,VN,VNM,Transition Pathways,Primary energy,Wind,MESSAGEix-GLOBIOM,Current Policies (Hot house world scenario),EJ/yr,,,,,0.1357,0.3292,0.3377,0.349,0.3423,0.43,0.4482
Vietnam,VN,VNM,Transition Pathways,Primary energy,Wind,MESSAGEix-GLOBIOM,Delayed Transition (Disorderly scenario),EJ/yr,,,,,0.1359,0.3299,0.3386,0.6627,0.9785,1.2664,1.2638
Vietnam,VN,VNM,Transition Pathways,Primary energy,Wind,MESSAGEix-GLOBIOM,Fragmented World,EJ/yr,,,,,0.1353,0.3276,0.3348,0.3725,0.5883,0.8032,1.2493
Vietnam,VN,VNM,Transition Pathways,Primary energy,Wind,MESSAGEix-GLOBIOM,Low Demand,EJ/yr,,,,,0.1348,0.331,0.9446,0.9368,0.9846,0.9722,1.0148
Vietnam,VN,VNM,Transition Pathways,Primary energy,Wind,MESSAGEix-GLOBIOM,Nationally Determined Contributions (NDCs),EJ/yr,,,,,0.1351,0.3324,0.3279,0.3815,0.528,0.7141,0.7735
Vietnam,VN,VNM,Transition Pathways,Primary energy,Wind,MESSAGEix-GLOBIOM,Net Zero 2050 (Orderly scenario),EJ/yr,,,,,0.1349,0.3314,0.9975,1.3383,1.5027,1.6188,1.6922
Vietnam,VN,VNM,Transition Pathways,Primary energy,Wind,REMIND-MAgPIE,Below 2°C,EJ/yr,,,,,0.002,0.0204,0.1167,0.3426,0.6004,0.9051,1.1627
Vietnam,VN,VNM,Transition Pathways,Primary energy,Wind,REMIND-MAgPIE,Current Policies (Hot house world scenario),EJ/yr,,,,,0.0021,0.0179,0.0823,0.2107,0.3703,0.5557,0.7363
Vietnam,VN,VNM,Transition Pathways,Primary energy,Wind,REMIND-MAgPIE,Delayed Transition (Disorderly scenario),EJ/yr,,,,,0.0021,0.018,0.083,0.2008,0.4544,0.7361,1.015
Vietnam,VN,VNM,Transition Pathways,Primary energy,Wind,REMIND-MAgPIE,Fragmented World,EJ/yr,,,,,0.002,0.0165,0.0771,0.1795,0.303,0.4471,0.5953
Vietnam,VN,VNM,Transition Pathways,Primary energy,Wind,REMIND-MAgPIE,Low Demand,EJ/yr,,,,,0.0022,0.0196,0.1176,0.2848,0.4831,0.701,0.8455
Vietnam,VN,VNM,Transition Pathways,Primary energy,Wind,REMIND-MAgPIE,Nationally Determined Contributions (NDCs),EJ/yr,,,,,0.0019,0.0188,0.0991,0.2929,0.5183,0.7471,0.9465
Vietnam,VN,VNM,Transition Pathways,Primary energy,Wind,REMIND-MAgPIE,Net Zero 2050 (Orderly scenario),EJ/yr,,,,,0.002,0.0238,0.1644,0.4017,0.7304,1.082,1.3619
